"classId:ID(Class)","name","member_count:int",":LABEL"
"cls_0001","Glécaprévir + pibrentasvir","2","Class"
"cls_0002","IMAO irréversibles","2","Class"
"cls_0003","IMAO-A réversibles, y compris oxazolidinones et bleu de méthylène","4","Class"
"cls_0004","IMAO-B","3","Class"
"cls_0005","adrénaline (voie bucco-dentaire ou sous-cutanée)","1","Class"
"cls_0006","alcalinisants urinaires","3","Class"
"cls_0007","alcaloïdes de l'ergot de seigle dopaminergiques","3","Class"
"cls_0008","alcaloïdes de l'ergot de seigle vasoconstricteurs","3","Class"
"cls_0009","alcool (boisson ou excipient)","1","Class"
"cls_0010","alphabloquants à visée urologique","6","Class"
"cls_0011","aluminium (sels)","5","Class"
"cls_0012","aminosides","6","Class"
"cls_0013","analgésiques morphiniques agonistes","12","Class"
"cls_0014","analgésiques morphiniques de palier II","4","Class"
"cls_0015","analgésiques morphiniques de palier III","8","Class"
"cls_0016","analogues de la somatostatine","3","Class"
"cls_0017","androgènes","3","Class"
"cls_0018","anesthésiques volatils halogénés","5","Class"
"cls_0019","antabuse (réaction)","12","Class"
"cls_0020","antagonistes des canaux calciques","13","Class"
"cls_0021","antagonistes des récepteurs de l'angiotensine II","8","Class"
"cls_0022","anti-TNF alpha","5","Class"
"cls_0023","anti-inflammatoires non stéroïdiens","25","Class"
"cls_0024","antiagrégants plaquettaires","16","Class"
"cls_0025","antiarythmiques","13","Class"
"cls_0026","antiarythmiques classe Ia","3","Class"
"cls_0027","anticholinestérasiques","6","Class"
"cls_0028","anticoagulants oraux","8","Class"
"cls_0029","anticonvulsivants métabolisés","15","Class"
"cls_0030","anticorps monoclonaux (hors anti-TNF alpha)","38","Class"
"cls_0031","antidépresseurs imipraminiques","8","Class"
"cls_0032","antihypertenseurs alpha-bloquants","3","Class"
"cls_0033","antihypertenseurs centraux","5","Class"
"cls_0034","antihypertenseurs sauf alpha-bloquants","70","Class"
"cls_0035","antiparasitaires susceptibles de donner des torsades de pointes","5","Class"
"cls_0036","antiparkinsoniens anticholinergiques","3","Class"
"cls_0037","antiparkinsoniens dopaminergiques","12","Class"
"cls_0038","antipurines","2","Class"
"cls_0039","antiseptiques mercuriels","2","Class"
"cls_0040","antispasmodiques urinaires","5","Class"
"cls_0041","antisécrétoires antihistaminiques H2","4","Class"
"cls_0042","antisécrétoires inhibiteurs de la pompe à protons","5","Class"
"cls_0043","antitussifs morphine-like","3","Class"
"cls_0044","antitussifs morphiniques vrais","2","Class"
"cls_0045","antivitamines K","3","Class"
"cls_0046","barbituriques","3","Class"
"cls_0047","benzodiazépines et apparentés","25","Class"
"cls_0048","bisphosphonates","9","Class"
"cls_0049","bradycardisants","42","Class"
"cls_0050","bêta-2 mimétiques","6","Class"
"cls_0051","bêta-bloquants (sauf esmolol et sotalol) (y compris collyres)","15","Class"
"cls_0052","bêta-bloquants (sauf esmolol) (y compris collyres)","16","Class"
"cls_0053","bêta-bloquants dans l'insuffisance cardiaque","4","Class"
"cls_0054","bêta-bloquants non cardio-sélectifs (y compris collyres)","9","Class"
"cls_0055","citrates","5","Class"
"cls_0056","corticoïdes","12","Class"
"cls_0057","corticoïdes (voie intra-articulaire)","5","Class"
"cls_0058","corticoïdes métabolisés, notamment inhalés","9","Class"
"cls_0059","curares","6","Class"
"cls_0060","curares non dépolarisants","4","Class"
"cls_0061","cyclines","9","Class"
"cls_0062","cytotoxiques","66","Class"
"cls_0063","dihydropyridines","11","Class"
"cls_0064","diurétiques","16","Class"
"cls_0065","diurétiques de l'anse","3","Class"
"cls_0066","diurétiques hypokaliémiants","11","Class"
"cls_0067","diurétiques thiazidiques et apparentés","8","Class"
"cls_0068","diurétiques épargneurs de potassium (seuls ou associés)","5","Class"
"cls_0069","dopaminergiques","14","Class"
"cls_0070","dopaminergiques, hors Parkinson","2","Class"
"cls_0071","dérivés de l'acide aminosalicylique (ASA)","4","Class"
"cls_0072","dérivés nitrés et apparentés","5","Class"
"cls_0073","estrogènes non contraceptifs","7","Class"
"cls_0074","estroprogestatifs contraceptifs","2","Class"
"cls_0075","fibrates","4","Class"
"cls_0076","fluoroquinolones","9","Class"
"cls_0077","fluorouracile (et, par extrapolation, autres fluoropyrimidines)","5","Class"
"cls_0078","folates","2","Class"
"cls_0079","glinides","2","Class"
"cls_0080","gliptines","4","Class"
"cls_0081","globulines antilymphocytaires","2","Class"
"cls_0082","glucocorticoïdes (sauf hydrocortisone)","10","Class"
"cls_0083","glucocorticoïdes par voie intra-articulaire et métabolisés","4","Class"
"cls_0084","grazoprevir + elbasvir","2","Class"
"cls_0085","hormones thyroïdiennes","4","Class"
"cls_0086","huiles minérales","2","Class"
"cls_0087","hyperkaliémiants","64","Class"
"cls_0088","hypnotiques","10","Class"
"cls_0089","hypokaliémiants","37","Class"
"cls_0090","hyponatrémiants","26","Class"
"cls_0091","héparines","9","Class"
"cls_0092","héparines (doses curatives et/ou sujet âgé)","9","Class"
"cls_0093","héparines (doses préventives)","9","Class"
"cls_0094","immunosuppresseurs","5","Class"
"cls_0095","inducteurs enzymatiques","20","Class"
"cls_0096","inducteurs enzymatiques puissants","7","Class"
"cls_0097","inhibiteurs d'intégrase","4","Class"
"cls_0098","inhibiteurs de l'HMG-CoA réductase (statines)","6","Class"
"cls_0099","inhibiteurs de l'enzyme de conversion","12","Class"
"cls_0100","inhibiteurs de la 5-alpha reductase","2","Class"
"cls_0101","inhibiteurs de la catéchol-O-méthyltransférase (COMT)","2","Class"
"cls_0102","inhibiteurs de la phosphodiesterase de type 5","4","Class"
"cls_0103","inhibiteurs de la xanthine oxydase","2","Class"
"cls_0104","inhibiteurs de protéases boostés par ritonavir","8","Class"
"cls_0105","inhibiteurs de tyrosine kinases métabolisés","40","Class"
"cls_0106","inhibiteurs directs de la thrombine à indication spécifique","2","Class"
"cls_0107","inhibiteurs puissants du CYP3A4","10","Class"
"cls_0108","inhibiteurs sélectifs de la recapture de la sérotonine","8","Class"
"cls_0109","insuline","16","Class"
"cls_0110","ivacaftor (seul ou associé)","4","Class"
"cls_0111","laxatifs (type macrogol)","1","Class"
"cls_0112","lincosanides","2","Class"
"cls_0113","macrolides (sauf spiramycine)","7","Class"
"cls_0114","minéralocorticoïdes","2","Class"
"cls_0115","morphiniques","22","Class"
"cls_0116","morphiniques agonistes-antagonistes","2","Class"
"cls_0117","morphiniques antagonistes partiels","2","Class"
"cls_0118","morphiniques en traitement de substitution","2","Class"
"cls_0119","médicaments abaissant la pression artérielle","78","Class"
"cls_0120","médicaments abaissant le seuil épileptogène","56","Class"
"cls_0121","médicaments atropiniques","65","Class"
"cls_0122","médicaments mixtes adrénergiques-sérotoninergiques","7","Class"
"cls_0123","médicaments méthémoglobinisants","13","Class"
"cls_0124","médicaments néphrotoxiques","38","Class"
"cls_0125","médicaments ototoxiques","19","Class"
"cls_0126","médicaments sédatifs","126","Class"
"cls_0127","médicaments à l'origine d'atteintes musculaires","17","Class"
"cls_0128","médicaments à l'origine d'un hypogonadisme masculin","13","Class"
"cls_0129","médicaments à l'origine d'un syndrome sérotoninergique","24","Class"
"cls_0130","médicaments à l'origine d'une hypotension orthostatique","70","Class"
"cls_0131","médicaments à risque lors du sevrage tabagique","4","Class"
"cls_0132","médicaments, bradykinine et angio-œdème","31","Class"
"cls_0133","neuroleptiques","28","Class"
"cls_0134","neuroleptiques antipsychotiques (sauf clozapine)","23","Class"
"cls_0135","neuroleptiques antiémétiques","2","Class"
"cls_0136","neuroleptiques susceptibles de donner des torsades de pointes","14","Class"
"cls_0137","ombitasvir + paritaprévir","2","Class"
"cls_0138","organoplatines","3","Class"
"cls_0139","pamplemousse (jus et fruit)","1","Class"
"cls_0140","phénobarbital (et, par extrapolation, primidone)","2","Class"
"cls_0141","phénytoïne (et, par extrapolation, fosphénytoïne)","2","Class"
"cls_0142","pipéracilline/tazobactam","2","Class"
"cls_0143","produits de contraste iodés","10","Class"
"cls_0144","progestatifs contraceptifs","10","Class"
"cls_0145","progestatifs non contraceptifs, associés ou non à un estrogène","10","Class"
"cls_0146","préservatifs en latex","0","Class"
"cls_0147","pénems","3","Class"
"cls_0148","pénicillines","12","Class"
"cls_0149","pénicillines A","3","Class"
"cls_0150","résines chélatrices","5","Class"
"cls_0151","rétinoïdes","4","Class"
"cls_0152","spermicides","3","Class"
"cls_0153","substances susceptibles de donner des torsades de pointes","41","Class"
"cls_0154","substances à absorption réduite par les topiques gastro-intestinaux, antiacides et adsorbants","79","Class"
"cls_0155","substrats à risque du CYP3A4","56","Class"
"cls_0156","sulfamides antibactériens","4","Class"
"cls_0157","sulfamides hypoglycémiants","4","Class"
"cls_0158","sulfaméthoxazole + triméthoprime","2","Class"
"cls_0159","sympathomimétiques alpha (voies orale et/ou nasale)","8","Class"
"cls_0160","sympathomimétiques alpha et bêta (voie IM et IV)","4","Class"
"cls_0161","sympathomimétiques indirects","6","Class"
"cls_0162","sétrons","3","Class"
"cls_0163","thrombolytiques","5","Class"
"cls_0164","théophylline (et, par extrapolation, aminophylline)","2","Class"
"cls_0165","topiques gastro-intestinaux, antiacides et adsorbants","12","Class"
"cls_0166","torsadogènes (sauf arsénieux, antiparasitaires, neuroleptiques, méthadone...)","19","Class"
"cls_0167","traitements de substitution nicotinique","1","Class"
"cls_0168","triptans","7","Class"
"cls_0169","triptans métabolisés par la MAO","4","Class"
"cls_0170","triptans non métabolisés par la MAO","3","Class"
"cls_0171","vaccins vivants atténués","8","Class"
"cls_0172","valproïque (acide) et, par extrapolation, valpromide","2","Class"
"cls_0173","vinca-alcaloïdes cytotoxiques","5","Class"
"cls_0174","vitamine D","4","Class"
