":START_ID(Substance)",":END_ID(Class)",":TYPE"
"sub_0002","cls_0024","BELONGS_TO"
"sub_0003","cls_0105","BELONGS_TO"
"sub_0003","cls_0155","BELONGS_TO"
"sub_0004","cls_0128","BELONGS_TO"
"sub_0006","cls_0105","BELONGS_TO"
"sub_0007","cls_0034","BELONGS_TO"
"sub_0007","cls_0049","BELONGS_TO"
"sub_0007","cls_0051","BELONGS_TO"
"sub_0007","cls_0052","BELONGS_TO"
"sub_0007","cls_0119","BELONGS_TO"
"sub_0008","cls_0023","BELONGS_TO"
"sub_0008","cls_0087","BELONGS_TO"
"sub_0009","cls_0028","BELONGS_TO"
"sub_0009","cls_0045","BELONGS_TO"
"sub_0010","cls_0006","BELONGS_TO"
"sub_0011","cls_0123","BELONGS_TO"
"sub_0012","cls_0124","BELONGS_TO"
"sub_0014","cls_0024","BELONGS_TO"
"sub_0014","cls_0154","BELONGS_TO"
"sub_0015","cls_0048","BELONGS_TO"
"sub_0015","cls_0154","BELONGS_TO"
"sub_0016","cls_0124","BELONGS_TO"
"sub_0016","cls_0143","BELONGS_TO"
"sub_0019","cls_0048","BELONGS_TO"
"sub_0019","cls_0124","BELONGS_TO"
"sub_0019","cls_0154","BELONGS_TO"
"sub_0020","cls_0048","BELONGS_TO"
"sub_0020","cls_0154","BELONGS_TO"
"sub_0021","cls_0078","BELONGS_TO"
"sub_0022","cls_0078","BELONGS_TO"
"sub_0024","cls_0048","BELONGS_TO"
"sub_0024","cls_0154","BELONGS_TO"
"sub_0025","cls_0124","BELONGS_TO"
"sub_0025","cls_0143","BELONGS_TO"
"sub_0026","cls_0124","BELONGS_TO"
"sub_0026","cls_0143","BELONGS_TO"
"sub_0027","cls_0023","BELONGS_TO"
"sub_0027","cls_0087","BELONGS_TO"
"sub_0029","cls_0023","BELONGS_TO"
"sub_0029","cls_0087","BELONGS_TO"
"sub_0030","cls_0048","BELONGS_TO"
"sub_0030","cls_0154","BELONGS_TO"
"sub_0031","cls_0048","BELONGS_TO"
"sub_0031","cls_0154","BELONGS_TO"
"sub_0032","cls_0048","BELONGS_TO"
"sub_0032","cls_0154","BELONGS_TO"
"sub_0033","cls_0023","BELONGS_TO"
"sub_0033","cls_0087","BELONGS_TO"
"sub_0034","cls_0048","BELONGS_TO"
"sub_0034","cls_0154","BELONGS_TO"
"sub_0036","cls_0029","BELONGS_TO"
"sub_0036","cls_0172","BELONGS_TO"
"sub_0037","cls_0048","BELONGS_TO"
"sub_0037","cls_0154","BELONGS_TO"
"sub_0038","cls_0151","BELONGS_TO"
"sub_0039","cls_0022","BELONGS_TO"
"sub_0040","cls_0124","BELONGS_TO"
"sub_0041","cls_0005","BELONGS_TO"
"sub_0041","cls_0160","BELONGS_TO"
"sub_0043","cls_0126","BELONGS_TO"
"sub_0046","cls_0030","BELONGS_TO"
"sub_0047","cls_0174","BELONGS_TO"
"sub_0048","cls_0013","BELONGS_TO"
"sub_0048","cls_0015","BELONGS_TO"
"sub_0048","cls_0115","BELONGS_TO"
"sub_0048","cls_0126","BELONGS_TO"
"sub_0048","cls_0155","BELONGS_TO"
"sub_0049","cls_0010","BELONGS_TO"
"sub_0049","cls_0130","BELONGS_TO"
"sub_0050","cls_0088","BELONGS_TO"
"sub_0050","cls_0120","BELONGS_TO"
"sub_0050","cls_0121","BELONGS_TO"
"sub_0050","cls_0126","BELONGS_TO"
"sub_0050","cls_0130","BELONGS_TO"
"sub_0050","cls_0133","BELONGS_TO"
"sub_0050","cls_0154","BELONGS_TO"
"sub_0051","cls_0151","BELONGS_TO"
"sub_0052","cls_0126","BELONGS_TO"
"sub_0052","cls_0130","BELONGS_TO"
"sub_0052","cls_0133","BELONGS_TO"
"sub_0052","cls_0135","BELONGS_TO"
"sub_0053","cls_0103","BELONGS_TO"
"sub_0054","cls_0023","BELONGS_TO"
"sub_0054","cls_0087","BELONGS_TO"
"sub_0055","cls_0168","BELONGS_TO"
"sub_0055","cls_0169","BELONGS_TO"
"sub_0056","cls_0047","BELONGS_TO"
"sub_0056","cls_0126","BELONGS_TO"
"sub_0057","cls_0132","BELONGS_TO"
"sub_0057","cls_0163","BELONGS_TO"
"sub_0058","cls_0034","BELONGS_TO"
"sub_0058","cls_0064","BELONGS_TO"
"sub_0058","cls_0066","BELONGS_TO"
"sub_0058","cls_0067","BELONGS_TO"
"sub_0058","cls_0089","BELONGS_TO"
"sub_0058","cls_0090","BELONGS_TO"
"sub_0058","cls_0119","BELONGS_TO"
"sub_0059","cls_0062","BELONGS_TO"
"sub_0060","cls_0037","BELONGS_TO"
"sub_0060","cls_0069","BELONGS_TO"
"sub_0060","cls_0130","BELONGS_TO"
"sub_0061","cls_0027","BELONGS_TO"
"sub_0061","cls_0049","BELONGS_TO"
"sub_0063","cls_0130","BELONGS_TO"
"sub_0064","cls_0012","BELONGS_TO"
"sub_0064","cls_0124","BELONGS_TO"
"sub_0064","cls_0125","BELONGS_TO"
"sub_0065","cls_0034","BELONGS_TO"
"sub_0065","cls_0064","BELONGS_TO"
"sub_0065","cls_0068","BELONGS_TO"
"sub_0065","cls_0087","BELONGS_TO"
"sub_0065","cls_0090","BELONGS_TO"
"sub_0065","cls_0119","BELONGS_TO"
"sub_0066","cls_0164","BELONGS_TO"
"sub_0067","cls_0025","BELONGS_TO"
"sub_0067","cls_0049","BELONGS_TO"
"sub_0067","cls_0153","BELONGS_TO"
"sub_0067","cls_0166","BELONGS_TO"
"sub_0068","cls_0126","BELONGS_TO"
"sub_0068","cls_0130","BELONGS_TO"
"sub_0068","cls_0133","BELONGS_TO"
"sub_0068","cls_0134","BELONGS_TO"
"sub_0068","cls_0136","BELONGS_TO"
"sub_0068","cls_0153","BELONGS_TO"
"sub_0069","cls_0031","BELONGS_TO"
"sub_0069","cls_0120","BELONGS_TO"
"sub_0069","cls_0121","BELONGS_TO"
"sub_0069","cls_0122","BELONGS_TO"
"sub_0069","cls_0126","BELONGS_TO"
"sub_0069","cls_0129","BELONGS_TO"
"sub_0069","cls_0130","BELONGS_TO"
"sub_0070","cls_0030","BELONGS_TO"
"sub_0071","cls_0020","BELONGS_TO"
"sub_0071","cls_0034","BELONGS_TO"
"sub_0071","cls_0063","BELONGS_TO"
"sub_0071","cls_0119","BELONGS_TO"
"sub_0072","cls_0031","BELONGS_TO"
"sub_0072","cls_0120","BELONGS_TO"
"sub_0072","cls_0121","BELONGS_TO"
"sub_0072","cls_0130","BELONGS_TO"
"sub_0073","cls_0148","BELONGS_TO"
"sub_0073","cls_0149","BELONGS_TO"
"sub_0074","cls_0089","BELONGS_TO"
"sub_0074","cls_0124","BELONGS_TO"
"sub_0075","cls_0148","BELONGS_TO"
"sub_0075","cls_0149","BELONGS_TO"
"sub_0076","cls_0062","BELONGS_TO"
"sub_0079","cls_0017","BELONGS_TO"
"sub_0080","cls_0030","BELONGS_TO"
"sub_0081","cls_0095","BELONGS_TO"
"sub_0081","cls_0096","BELONGS_TO"
"sub_0081","cls_0128","BELONGS_TO"
"sub_0082","cls_0028","BELONGS_TO"
"sub_0082","cls_0155","BELONGS_TO"
"sub_0083","cls_0037","BELONGS_TO"
"sub_0083","cls_0069","BELONGS_TO"
"sub_0083","cls_0130","BELONGS_TO"
"sub_0086","cls_0106","BELONGS_TO"
"sub_0087","cls_0090","BELONGS_TO"
"sub_0088","cls_0126","BELONGS_TO"
"sub_0088","cls_0130","BELONGS_TO"
"sub_0088","cls_0133","BELONGS_TO"
"sub_0088","cls_0134","BELONGS_TO"
"sub_0089","cls_0153","BELONGS_TO"
"sub_0090","cls_0134","BELONGS_TO"
"sub_0091","cls_0062","BELONGS_TO"
"sub_0093","cls_0104","BELONGS_TO"
"sub_0094","cls_0034","BELONGS_TO"
"sub_0094","cls_0049","BELONGS_TO"
"sub_0094","cls_0051","BELONGS_TO"
"sub_0094","cls_0052","BELONGS_TO"
"sub_0094","cls_0119","BELONGS_TO"
"sub_0094","cls_0154","BELONGS_TO"
"sub_0095","cls_0030","BELONGS_TO"
"sub_0096","cls_0098","BELONGS_TO"
"sub_0096","cls_0127","BELONGS_TO"
"sub_0096","cls_0155","BELONGS_TO"
"sub_0098","cls_0059","BELONGS_TO"
"sub_0098","cls_0060","BELONGS_TO"
"sub_0099","cls_0121","BELONGS_TO"
"sub_0100","cls_0102","BELONGS_TO"
"sub_0100","cls_0130","BELONGS_TO"
"sub_0101","cls_0047","BELONGS_TO"
"sub_0101","cls_0126","BELONGS_TO"
"sub_0102","cls_0105","BELONGS_TO"
"sub_0102","cls_0155","BELONGS_TO"
"sub_0103","cls_0062","BELONGS_TO"
"sub_0104","cls_0038","BELONGS_TO"
"sub_0104","cls_0062","BELONGS_TO"
"sub_0105","cls_0121","BELONGS_TO"
"sub_0105","cls_0126","BELONGS_TO"
"sub_0106","cls_0021","BELONGS_TO"
"sub_0106","cls_0034","BELONGS_TO"
"sub_0106","cls_0087","BELONGS_TO"
"sub_0106","cls_0119","BELONGS_TO"
"sub_0106","cls_0132","BELONGS_TO"
"sub_0107","cls_0113","BELONGS_TO"
"sub_0109","cls_0126","BELONGS_TO"
"sub_0109","cls_0130","BELONGS_TO"
"sub_0110","cls_0050","BELONGS_TO"
"sub_0112","cls_0171","BELONGS_TO"
"sub_0115","cls_0030","BELONGS_TO"
"sub_0116","cls_0034","BELONGS_TO"
"sub_0116","cls_0087","BELONGS_TO"
"sub_0116","cls_0099","BELONGS_TO"
"sub_0116","cls_0119","BELONGS_TO"
"sub_0116","cls_0132","BELONGS_TO"
"sub_0117","cls_0062","BELONGS_TO"
"sub_0118","cls_0034","BELONGS_TO"
"sub_0118","cls_0064","BELONGS_TO"
"sub_0118","cls_0066","BELONGS_TO"
"sub_0118","cls_0067","BELONGS_TO"
"sub_0118","cls_0089","BELONGS_TO"
"sub_0118","cls_0090","BELONGS_TO"
"sub_0118","cls_0119","BELONGS_TO"
"sub_0119","cls_0148","BELONGS_TO"
"sub_0120","cls_0152","BELONGS_TO"
"sub_0121","cls_0123","BELONGS_TO"
"sub_0122","cls_0148","BELONGS_TO"
"sub_0123","cls_0056","BELONGS_TO"
"sub_0123","cls_0057","BELONGS_TO"
"sub_0123","cls_0082","BELONGS_TO"
"sub_0123","cls_0083","BELONGS_TO"
"sub_0123","cls_0089","BELONGS_TO"
"sub_0123","cls_0154","BELONGS_TO"
"sub_0124","cls_0034","BELONGS_TO"
"sub_0124","cls_0049","BELONGS_TO"
"sub_0124","cls_0051","BELONGS_TO"
"sub_0124","cls_0052","BELONGS_TO"
"sub_0124","cls_0119","BELONGS_TO"
"sub_0125","cls_0075","BELONGS_TO"
"sub_0125","cls_0127","BELONGS_TO"
"sub_0126","cls_0128","BELONGS_TO"
"sub_0127","cls_0097","BELONGS_TO"
"sub_0127","cls_0154","BELONGS_TO"
"sub_0128","cls_0030","BELONGS_TO"
"sub_0129","cls_0036","BELONGS_TO"
"sub_0129","cls_0121","BELONGS_TO"
"sub_0130","cls_0089","BELONGS_TO"
"sub_0131","cls_0034","BELONGS_TO"
"sub_0131","cls_0049","BELONGS_TO"
"sub_0131","cls_0051","BELONGS_TO"
"sub_0131","cls_0052","BELONGS_TO"
"sub_0131","cls_0053","BELONGS_TO"
"sub_0131","cls_0119","BELONGS_TO"
"sub_0132","cls_0106","BELONGS_TO"
"sub_0133","cls_0062","BELONGS_TO"
"sub_0134","cls_0003","BELONGS_TO"
"sub_0134","cls_0129","BELONGS_TO"
"sub_0135","cls_0030","BELONGS_TO"
"sub_0136","cls_0089","BELONGS_TO"
"sub_0137","cls_0062","BELONGS_TO"
"sub_0137","cls_0155","BELONGS_TO"
"sub_0139","cls_0105","BELONGS_TO"
"sub_0139","cls_0155","BELONGS_TO"
"sub_0141","cls_0089","BELONGS_TO"
"sub_0142","cls_0030","BELONGS_TO"
"sub_0143","cls_0105","BELONGS_TO"
"sub_0143","cls_0155","BELONGS_TO"
"sub_0144","cls_0047","BELONGS_TO"
"sub_0144","cls_0126","BELONGS_TO"
"sub_0145","cls_0007","BELONGS_TO"
"sub_0145","cls_0037","BELONGS_TO"
"sub_0145","cls_0069","BELONGS_TO"
"sub_0145","cls_0130","BELONGS_TO"
"sub_0146","cls_0121","BELONGS_TO"
"sub_0146","cls_0126","BELONGS_TO"
"sub_0147","cls_0058","BELONGS_TO"
"sub_0147","cls_0082","BELONGS_TO"
"sub_0147","cls_0154","BELONGS_TO"
"sub_0148","cls_0034","BELONGS_TO"
"sub_0148","cls_0064","BELONGS_TO"
"sub_0148","cls_0065","BELONGS_TO"
"sub_0148","cls_0066","BELONGS_TO"
"sub_0148","cls_0089","BELONGS_TO"
"sub_0148","cls_0090","BELONGS_TO"
"sub_0148","cls_0119","BELONGS_TO"
"sub_0148","cls_0125","BELONGS_TO"
"sub_0149","cls_0115","BELONGS_TO"
"sub_0149","cls_0116","BELONGS_TO"
"sub_0149","cls_0118","BELONGS_TO"
"sub_0149","cls_0126","BELONGS_TO"
"sub_0150","cls_0120","BELONGS_TO"
"sub_0150","cls_0129","BELONGS_TO"
"sub_0150","cls_0161","BELONGS_TO"
"sub_0152","cls_0062","BELONGS_TO"
"sub_0153","cls_0062","BELONGS_TO"
"sub_0153","cls_0155","BELONGS_TO"
"sub_0154","cls_0007","BELONGS_TO"
"sub_0154","cls_0069","BELONGS_TO"
"sub_0154","cls_0070","BELONGS_TO"
"sub_0155","cls_0097","BELONGS_TO"
"sub_0156","cls_0105","BELONGS_TO"
"sub_0156","cls_0155","BELONGS_TO"
"sub_0157","cls_0161","BELONGS_TO"
"sub_0160","cls_0174","BELONGS_TO"
"sub_0162","cls_0120","BELONGS_TO"
"sub_0163","cls_0030","BELONGS_TO"
"sub_0164","cls_0021","BELONGS_TO"
"sub_0164","cls_0034","BELONGS_TO"
"sub_0164","cls_0087","BELONGS_TO"
"sub_0164","cls_0119","BELONGS_TO"
"sub_0164","cls_0132","BELONGS_TO"
"sub_0165","cls_0024","BELONGS_TO"
"sub_0167","cls_0034","BELONGS_TO"
"sub_0167","cls_0064","BELONGS_TO"
"sub_0167","cls_0068","BELONGS_TO"
"sub_0167","cls_0087","BELONGS_TO"
"sub_0167","cls_0090","BELONGS_TO"
"sub_0167","cls_0119","BELONGS_TO"
"sub_0168","cls_0062","BELONGS_TO"
"sub_0168","cls_0077","BELONGS_TO"
"sub_0169","cls_0024","BELONGS_TO"
"sub_0170","cls_0126","BELONGS_TO"
"sub_0171","cls_0034","BELONGS_TO"
"sub_0171","cls_0087","BELONGS_TO"
"sub_0171","cls_0099","BELONGS_TO"
"sub_0171","cls_0119","BELONGS_TO"
"sub_0171","cls_0132","BELONGS_TO"
"sub_0172","cls_0090","BELONGS_TO"
"sub_0172","cls_0095","BELONGS_TO"
"sub_0172","cls_0096","BELONGS_TO"
"sub_0173","cls_0062","BELONGS_TO"
"sub_0173","cls_0124","BELONGS_TO"
"sub_0173","cls_0125","BELONGS_TO"
"sub_0173","cls_0138","BELONGS_TO"
"sub_0174","cls_0062","BELONGS_TO"
"sub_0175","cls_0133","BELONGS_TO"
"sub_0176","cls_0034","BELONGS_TO"
"sub_0176","cls_0049","BELONGS_TO"
"sub_0176","cls_0051","BELONGS_TO"
"sub_0176","cls_0052","BELONGS_TO"
"sub_0176","cls_0054","BELONGS_TO"
"sub_0176","cls_0119","BELONGS_TO"
"sub_0177","cls_0049","BELONGS_TO"
"sub_0177","cls_0053","BELONGS_TO"
"sub_0177","cls_0054","BELONGS_TO"
"sub_0177","cls_0119","BELONGS_TO"
"sub_0178","cls_0089","BELONGS_TO"
"sub_0179","cls_0089","BELONGS_TO"
"sub_0182","cls_0019","BELONGS_TO"
"sub_0185","cls_0023","BELONGS_TO"
"sub_0185","cls_0087","BELONGS_TO"
"sub_0186","cls_0034","BELONGS_TO"
"sub_0186","cls_0049","BELONGS_TO"
"sub_0186","cls_0051","BELONGS_TO"
"sub_0186","cls_0052","BELONGS_TO"
"sub_0186","cls_0119","BELONGS_TO"
"sub_0187","cls_0095","BELONGS_TO"
"sub_0187","cls_0126","BELONGS_TO"
"sub_0188","cls_0105","BELONGS_TO"
"sub_0188","cls_0155","BELONGS_TO"
"sub_0189","cls_0022","BELONGS_TO"
"sub_0190","cls_0152","BELONGS_TO"
"sub_0191","cls_0030","BELONGS_TO"
"sub_0192","cls_0165","BELONGS_TO"
"sub_0193","cls_0165","BELONGS_TO"
"sub_0194","cls_0062","BELONGS_TO"
"sub_0195","cls_0047","BELONGS_TO"
"sub_0195","cls_0126","BELONGS_TO"
"sub_0196","cls_0145","BELONGS_TO"
"sub_0197","cls_0035","BELONGS_TO"
"sub_0197","cls_0120","BELONGS_TO"
"sub_0197","cls_0153","BELONGS_TO"
"sub_0198","cls_0121","BELONGS_TO"
"sub_0198","cls_0126","BELONGS_TO"
"sub_0199","cls_0120","BELONGS_TO"
"sub_0199","cls_0121","BELONGS_TO"
"sub_0199","cls_0126","BELONGS_TO"
"sub_0199","cls_0130","BELONGS_TO"
"sub_0199","cls_0133","BELONGS_TO"
"sub_0199","cls_0134","BELONGS_TO"
"sub_0199","cls_0136","BELONGS_TO"
"sub_0199","cls_0153","BELONGS_TO"
"sub_0199","cls_0154","BELONGS_TO"
"sub_0200","cls_0034","BELONGS_TO"
"sub_0200","cls_0064","BELONGS_TO"
"sub_0200","cls_0066","BELONGS_TO"
"sub_0200","cls_0067","BELONGS_TO"
"sub_0200","cls_0089","BELONGS_TO"
"sub_0200","cls_0090","BELONGS_TO"
"sub_0200","cls_0119","BELONGS_TO"
"sub_0201","cls_0061","BELONGS_TO"
"sub_0201","cls_0154","BELONGS_TO"
"sub_0202","cls_0174","BELONGS_TO"
"sub_0203","cls_0025","BELONGS_TO"
"sub_0204","cls_0058","BELONGS_TO"
"sub_0205","cls_0034","BELONGS_TO"
"sub_0205","cls_0064","BELONGS_TO"
"sub_0205","cls_0066","BELONGS_TO"
"sub_0205","cls_0067","BELONGS_TO"
"sub_0205","cls_0089","BELONGS_TO"
"sub_0205","cls_0090","BELONGS_TO"
"sub_0205","cls_0119","BELONGS_TO"
"sub_0206","cls_0087","BELONGS_TO"
"sub_0206","cls_0094","BELONGS_TO"
"sub_0206","cls_0124","BELONGS_TO"
"sub_0206","cls_0127","BELONGS_TO"
"sub_0206","cls_0155","BELONGS_TO"
"sub_0207","cls_0034","BELONGS_TO"
"sub_0207","cls_0087","BELONGS_TO"
"sub_0207","cls_0099","BELONGS_TO"
"sub_0207","cls_0119","BELONGS_TO"
"sub_0207","cls_0132","BELONGS_TO"
"sub_0208","cls_0041","BELONGS_TO"
"sub_0208","cls_0154","BELONGS_TO"
"sub_0210","cls_0120","BELONGS_TO"
"sub_0211","cls_0075","BELONGS_TO"
"sub_0211","cls_0127","BELONGS_TO"
"sub_0212","cls_0076","BELONGS_TO"
"sub_0212","cls_0120","BELONGS_TO"
"sub_0212","cls_0154","BELONGS_TO"
"sub_0213","cls_0059","BELONGS_TO"
"sub_0213","cls_0060","BELONGS_TO"
"sub_0214","cls_0062","BELONGS_TO"
"sub_0214","cls_0124","BELONGS_TO"
"sub_0214","cls_0125","BELONGS_TO"
"sub_0214","cls_0138","BELONGS_TO"
"sub_0215","cls_0090","BELONGS_TO"
"sub_0215","cls_0108","BELONGS_TO"
"sub_0215","cls_0120","BELONGS_TO"
"sub_0215","cls_0129","BELONGS_TO"
"sub_0215","cls_0153","BELONGS_TO"
"sub_0215","cls_0166","BELONGS_TO"
"sub_0216","cls_0055","BELONGS_TO"
"sub_0217","cls_0062","BELONGS_TO"
"sub_0218","cls_0107","BELONGS_TO"
"sub_0218","cls_0113","BELONGS_TO"
"sub_0219","cls_0020","BELONGS_TO"
"sub_0219","cls_0034","BELONGS_TO"
"sub_0219","cls_0063","BELONGS_TO"
"sub_0219","cls_0119","BELONGS_TO"
"sub_0220","cls_0121","BELONGS_TO"
"sub_0221","cls_0112","BELONGS_TO"
"sub_0221","cls_0154","BELONGS_TO"
"sub_0222","cls_0047","BELONGS_TO"
"sub_0222","cls_0126","BELONGS_TO"
"sub_0223","cls_0062","BELONGS_TO"
"sub_0224","cls_0031","BELONGS_TO"
"sub_0224","cls_0120","BELONGS_TO"
"sub_0224","cls_0121","BELONGS_TO"
"sub_0224","cls_0122","BELONGS_TO"
"sub_0224","cls_0129","BELONGS_TO"
"sub_0224","cls_0130","BELONGS_TO"
"sub_0225","cls_0047","BELONGS_TO"
"sub_0225","cls_0126","BELONGS_TO"
"sub_0226","cls_0033","BELONGS_TO"
"sub_0226","cls_0034","BELONGS_TO"
"sub_0226","cls_0049","BELONGS_TO"
"sub_0226","cls_0119","BELONGS_TO"
"sub_0226","cls_0126","BELONGS_TO"
"sub_0227","cls_0034","BELONGS_TO"
"sub_0227","cls_0064","BELONGS_TO"
"sub_0227","cls_0066","BELONGS_TO"
"sub_0227","cls_0067","BELONGS_TO"
"sub_0227","cls_0089","BELONGS_TO"
"sub_0227","cls_0090","BELONGS_TO"
"sub_0227","cls_0119","BELONGS_TO"
"sub_0228","cls_0024","BELONGS_TO"
"sub_0229","cls_0047","BELONGS_TO"
"sub_0229","cls_0126","BELONGS_TO"
"sub_0230","cls_0047","BELONGS_TO"
"sub_0230","cls_0126","BELONGS_TO"
"sub_0231","cls_0148","BELONGS_TO"
"sub_0232","cls_0121","BELONGS_TO"
"sub_0232","cls_0126","BELONGS_TO"
"sub_0232","cls_0130","BELONGS_TO"
"sub_0232","cls_0131","BELONGS_TO"
"sub_0232","cls_0133","BELONGS_TO"
"sub_0233","cls_0107","BELONGS_TO"
"sub_0234","cls_0105","BELONGS_TO"
"sub_0234","cls_0155","BELONGS_TO"
"sub_0235","cls_0153","BELONGS_TO"
"sub_0235","cls_0166","BELONGS_TO"
"sub_0236","cls_0013","BELONGS_TO"
"sub_0236","cls_0014","BELONGS_TO"
"sub_0236","cls_0044","BELONGS_TO"
"sub_0236","cls_0115","BELONGS_TO"
"sub_0236","cls_0126","BELONGS_TO"
"sub_0237","cls_0127","BELONGS_TO"
"sub_0238","cls_0150","BELONGS_TO"
"sub_0239","cls_0150","BELONGS_TO"
"sub_0240","cls_0124","BELONGS_TO"
"sub_0241","cls_0056","BELONGS_TO"
"sub_0241","cls_0082","BELONGS_TO"
"sub_0241","cls_0089","BELONGS_TO"
"sub_0241","cls_0154","BELONGS_TO"
"sub_0242","cls_0056","BELONGS_TO"
"sub_0242","cls_0082","BELONGS_TO"
"sub_0242","cls_0089","BELONGS_TO"
"sub_0243","cls_0049","BELONGS_TO"
"sub_0243","cls_0105","BELONGS_TO"
"sub_0243","cls_0153","BELONGS_TO"
"sub_0243","cls_0155","BELONGS_TO"
"sub_0244","cls_0165","BELONGS_TO"
"sub_0245","cls_0120","BELONGS_TO"
"sub_0245","cls_0121","BELONGS_TO"
"sub_0245","cls_0126","BELONGS_TO"
"sub_0245","cls_0130","BELONGS_TO"
"sub_0245","cls_0133","BELONGS_TO"
"sub_0245","cls_0134","BELONGS_TO"
"sub_0245","cls_0136","BELONGS_TO"
"sub_0245","cls_0153","BELONGS_TO"
"sub_0245","cls_0154","BELONGS_TO"
"sub_0247","cls_0121","BELONGS_TO"
"sub_0248","cls_0062","BELONGS_TO"
"sub_0249","cls_0119","BELONGS_TO"
"sub_0250","cls_0121","BELONGS_TO"
"sub_0250","cls_0126","BELONGS_TO"
"sub_0251","cls_0128","BELONGS_TO"
"sub_0252","cls_0062","BELONGS_TO"
"sub_0253","cls_0028","BELONGS_TO"
"sub_0254","cls_0095","BELONGS_TO"
"sub_0254","cls_0105","BELONGS_TO"
"sub_0254","cls_0155","BELONGS_TO"
"sub_0255","cls_0062","BELONGS_TO"
"sub_0256","cls_0062","BELONGS_TO"
"sub_0258","cls_0087","BELONGS_TO"
"sub_0258","cls_0091","BELONGS_TO"
"sub_0258","cls_0092","BELONGS_TO"
"sub_0258","cls_0093","BELONGS_TO"
"sub_0259","cls_0087","BELONGS_TO"
"sub_0259","cls_0091","BELONGS_TO"
"sub_0259","cls_0092","BELONGS_TO"
"sub_0259","cls_0093","BELONGS_TO"
"sub_0262","cls_0108","BELONGS_TO"
"sub_0262","cls_0126","BELONGS_TO"
"sub_0263","cls_0123","BELONGS_TO"
"sub_0264","cls_0127","BELONGS_TO"
"sub_0265","cls_0030","BELONGS_TO"
"sub_0266","cls_0040","BELONGS_TO"
"sub_0266","cls_0121","BELONGS_TO"
"sub_0268","cls_0104","BELONGS_TO"
"sub_0270","cls_0105","BELONGS_TO"
"sub_0270","cls_0127","BELONGS_TO"
"sub_0270","cls_0155","BELONGS_TO"
"sub_0271","cls_0062","BELONGS_TO"
"sub_0272","cls_0062","BELONGS_TO"
"sub_0277","cls_0128","BELONGS_TO"
"sub_0278","cls_0076","BELONGS_TO"
"sub_0280","cls_0154","BELONGS_TO"
"sub_0281","cls_0061","BELONGS_TO"
"sub_0282","cls_0030","BELONGS_TO"
"sub_0283","cls_0018","BELONGS_TO"
"sub_0285","cls_0090","BELONGS_TO"
"sub_0286","cls_0144","BELONGS_TO"
"sub_0287","cls_0056","BELONGS_TO"
"sub_0287","cls_0114","BELONGS_TO"
"sub_0288","cls_0056","BELONGS_TO"
"sub_0288","cls_0057","BELONGS_TO"
"sub_0288","cls_0058","BELONGS_TO"
"sub_0288","cls_0082","BELONGS_TO"
"sub_0288","cls_0083","BELONGS_TO"
"sub_0288","cls_0089","BELONGS_TO"
"sub_0288","cls_0154","BELONGS_TO"
"sub_0289","cls_0121","BELONGS_TO"
"sub_0289","cls_0126","BELONGS_TO"
"sub_0290","cls_0023","BELONGS_TO"
"sub_0290","cls_0087","BELONGS_TO"
"sub_0291","cls_0126","BELONGS_TO"
"sub_0292","cls_0062","BELONGS_TO"
"sub_0294","cls_0043","BELONGS_TO"
"sub_0294","cls_0115","BELONGS_TO"
"sub_0294","cls_0126","BELONGS_TO"
"sub_0295","cls_0121","BELONGS_TO"
"sub_0295","cls_0126","BELONGS_TO"
"sub_0296","cls_0047","BELONGS_TO"
"sub_0296","cls_0126","BELONGS_TO"
"sub_0297","cls_0055","BELONGS_TO"
"sub_0298","cls_0023","BELONGS_TO"
"sub_0298","cls_0087","BELONGS_TO"
"sub_0300","cls_0144","BELONGS_TO"
"sub_0301","cls_0073","BELONGS_TO"
"sub_0302","cls_0049","BELONGS_TO"
"sub_0302","cls_0154","BELONGS_TO"
"sub_0303","cls_0034","BELONGS_TO"
"sub_0303","cls_0119","BELONGS_TO"
"sub_0304","cls_0013","BELONGS_TO"
"sub_0304","cls_0014","BELONGS_TO"
"sub_0304","cls_0115","BELONGS_TO"
"sub_0304","cls_0126","BELONGS_TO"
"sub_0305","cls_0008","BELONGS_TO"
"sub_0305","cls_0155","BELONGS_TO"
"sub_0306","cls_0020","BELONGS_TO"
"sub_0306","cls_0025","BELONGS_TO"
"sub_0306","cls_0034","BELONGS_TO"
"sub_0306","cls_0049","BELONGS_TO"
"sub_0306","cls_0119","BELONGS_TO"
"sub_0307","cls_0121","BELONGS_TO"
"sub_0307","cls_0126","BELONGS_TO"
"sub_0309","cls_0072","BELONGS_TO"
"sub_0309","cls_0130","BELONGS_TO"
"sub_0310","cls_0165","BELONGS_TO"
"sub_0311","cls_0121","BELONGS_TO"
"sub_0311","cls_0126","BELONGS_TO"
"sub_0314","cls_0025","BELONGS_TO"
"sub_0314","cls_0026","BELONGS_TO"
"sub_0314","cls_0049","BELONGS_TO"
"sub_0314","cls_0121","BELONGS_TO"
"sub_0314","cls_0153","BELONGS_TO"
"sub_0314","cls_0166","BELONGS_TO"
"sub_0315","cls_0019","BELONGS_TO"
"sub_0316","cls_0062","BELONGS_TO"
"sub_0316","cls_0155","BELONGS_TO"
"sub_0317","cls_0097","BELONGS_TO"
"sub_0317","cls_0154","BELONGS_TO"
"sub_0318","cls_0153","BELONGS_TO"
"sub_0318","cls_0166","BELONGS_TO"
"sub_0319","cls_0027","BELONGS_TO"
"sub_0319","cls_0049","BELONGS_TO"
"sub_0320","cls_0160","BELONGS_TO"
"sub_0321","cls_0031","BELONGS_TO"
"sub_0321","cls_0120","BELONGS_TO"
"sub_0321","cls_0121","BELONGS_TO"
"sub_0321","cls_0130","BELONGS_TO"
"sub_0322","cls_0010","BELONGS_TO"
"sub_0322","cls_0032","BELONGS_TO"
"sub_0322","cls_0119","BELONGS_TO"
"sub_0322","cls_0130","BELONGS_TO"
"sub_0323","cls_0031","BELONGS_TO"
"sub_0323","cls_0120","BELONGS_TO"
"sub_0323","cls_0121","BELONGS_TO"
"sub_0323","cls_0126","BELONGS_TO"
"sub_0323","cls_0130","BELONGS_TO"
"sub_0324","cls_0062","BELONGS_TO"
"sub_0325","cls_0061","BELONGS_TO"
"sub_0325","cls_0154","BELONGS_TO"
"sub_0326","cls_0088","BELONGS_TO"
"sub_0326","cls_0121","BELONGS_TO"
"sub_0326","cls_0126","BELONGS_TO"
"sub_0327","cls_0025","BELONGS_TO"
"sub_0327","cls_0049","BELONGS_TO"
"sub_0327","cls_0153","BELONGS_TO"
"sub_0327","cls_0166","BELONGS_TO"
"sub_0328","cls_0120","BELONGS_TO"
"sub_0328","cls_0126","BELONGS_TO"
"sub_0328","cls_0130","BELONGS_TO"
"sub_0328","cls_0133","BELONGS_TO"
"sub_0328","cls_0134","BELONGS_TO"
"sub_0328","cls_0136","BELONGS_TO"
"sub_0328","cls_0153","BELONGS_TO"
"sub_0329","cls_0087","BELONGS_TO"
"sub_0329","cls_0144","BELONGS_TO"
"sub_0330","cls_0122","BELONGS_TO"
"sub_0330","cls_0129","BELONGS_TO"
"sub_0331","cls_0030","BELONGS_TO"
"sub_0332","cls_0100","BELONGS_TO"
"sub_0332","cls_0128","BELONGS_TO"
"sub_0333","cls_0145","BELONGS_TO"
"sub_0335","cls_0028","BELONGS_TO"
"sub_0336","cls_0095","BELONGS_TO"
"sub_0337","cls_0084","BELONGS_TO"
"sub_0338","cls_0168","BELONGS_TO"
"sub_0338","cls_0170","BELONGS_TO"
"sub_0339","cls_0110","BELONGS_TO"
"sub_0342","cls_0154","BELONGS_TO"
"sub_0343","cls_0034","BELONGS_TO"
"sub_0343","cls_0087","BELONGS_TO"
"sub_0343","cls_0099","BELONGS_TO"
"sub_0343","cls_0119","BELONGS_TO"
"sub_0343","cls_0132","BELONGS_TO"
"sub_0344","cls_0076","BELONGS_TO"
"sub_0344","cls_0120","BELONGS_TO"
"sub_0344","cls_0154","BELONGS_TO"
"sub_0345","cls_0087","BELONGS_TO"
"sub_0345","cls_0091","BELONGS_TO"
"sub_0345","cls_0092","BELONGS_TO"
"sub_0345","cls_0093","BELONGS_TO"
"sub_0346","cls_0037","BELONGS_TO"
"sub_0346","cls_0069","BELONGS_TO"
"sub_0346","cls_0101","BELONGS_TO"
"sub_0346","cls_0130","BELONGS_TO"
"sub_0347","cls_0105","BELONGS_TO"
"sub_0348","cls_0095","BELONGS_TO"
"sub_0348","cls_0096","BELONGS_TO"
"sub_0348","cls_0128","BELONGS_TO"
"sub_0349","cls_0161","BELONGS_TO"
"sub_0350","cls_0062","BELONGS_TO"
"sub_0351","cls_0034","BELONGS_TO"
"sub_0351","cls_0064","BELONGS_TO"
"sub_0351","cls_0068","BELONGS_TO"
"sub_0351","cls_0087","BELONGS_TO"
"sub_0351","cls_0090","BELONGS_TO"
"sub_0351","cls_0119","BELONGS_TO"
"sub_0352","cls_0024","BELONGS_TO"
"sub_0353","cls_0021","BELONGS_TO"
"sub_0353","cls_0034","BELONGS_TO"
"sub_0353","cls_0087","BELONGS_TO"
"sub_0353","cls_0119","BELONGS_TO"
"sub_0353","cls_0132","BELONGS_TO"
"sub_0354","cls_0024","BELONGS_TO"
"sub_0355","cls_0174","BELONGS_TO"
"sub_0356","cls_0008","BELONGS_TO"
"sub_0356","cls_0155","BELONGS_TO"
"sub_0357","cls_0062","BELONGS_TO"
"sub_0358","cls_0105","BELONGS_TO"
"sub_0358","cls_0155","BELONGS_TO"
"sub_0359","cls_0147","BELONGS_TO"
"sub_0360","cls_0107","BELONGS_TO"
"sub_0360","cls_0113","BELONGS_TO"
"sub_0360","cls_0153","BELONGS_TO"
"sub_0360","cls_0166","BELONGS_TO"
"sub_0361","cls_0090","BELONGS_TO"
"sub_0361","cls_0108","BELONGS_TO"
"sub_0361","cls_0120","BELONGS_TO"
"sub_0361","cls_0129","BELONGS_TO"
"sub_0361","cls_0153","BELONGS_TO"
"sub_0361","cls_0166","BELONGS_TO"
"sub_0362","cls_0126","BELONGS_TO"
"sub_0363","cls_0095","BELONGS_TO"
"sub_0364","cls_0049","BELONGS_TO"
"sub_0365","cls_0042","BELONGS_TO"
"sub_0366","cls_0047","BELONGS_TO"
"sub_0366","cls_0088","BELONGS_TO"
"sub_0366","cls_0126","BELONGS_TO"
"sub_0367","cls_0073","BELONGS_TO"
"sub_0368","cls_0073","BELONGS_TO"
"sub_0368","cls_0074","BELONGS_TO"
"sub_0369","cls_0062","BELONGS_TO"
"sub_0369","cls_0132","BELONGS_TO"
"sub_0370","cls_0073","BELONGS_TO"
"sub_0371","cls_0073","BELONGS_TO"
"sub_0372","cls_0073","BELONGS_TO"
"sub_0373","cls_0047","BELONGS_TO"
"sub_0373","cls_0088","BELONGS_TO"
"sub_0373","cls_0126","BELONGS_TO"
"sub_0374","cls_0022","BELONGS_TO"
"sub_0376","cls_0154","BELONGS_TO"
"sub_0377","cls_0074","BELONGS_TO"
"sub_0378","cls_0029","BELONGS_TO"
"sub_0379","cls_0044","BELONGS_TO"
"sub_0379","cls_0115","BELONGS_TO"
"sub_0379","cls_0126","BELONGS_TO"
"sub_0380","cls_0126","BELONGS_TO"
"sub_0381","cls_0159","BELONGS_TO"
"sub_0382","cls_0023","BELONGS_TO"
"sub_0382","cls_0087","BELONGS_TO"
"sub_0383","cls_0144","BELONGS_TO"
"sub_0384","cls_0062","BELONGS_TO"
"sub_0385","cls_0023","BELONGS_TO"
"sub_0387","cls_0120","BELONGS_TO"
"sub_0388","cls_0120","BELONGS_TO"
"sub_0389","cls_0094","BELONGS_TO"
"sub_0389","cls_0155","BELONGS_TO"
"sub_0390","cls_0132","BELONGS_TO"
"sub_0392","cls_0127","BELONGS_TO"
"sub_0393","cls_0041","BELONGS_TO"
"sub_0393","cls_0154","BELONGS_TO"
"sub_0394","cls_0049","BELONGS_TO"
"sub_0394","cls_0120","BELONGS_TO"
"sub_0395","cls_0103","BELONGS_TO"
"sub_0396","cls_0105","BELONGS_TO"
"sub_0397","cls_0029","BELONGS_TO"
"sub_0398","cls_0020","BELONGS_TO"
"sub_0398","cls_0034","BELONGS_TO"
"sub_0398","cls_0063","BELONGS_TO"
"sub_0398","cls_0119","BELONGS_TO"
"sub_0399","cls_0075","BELONGS_TO"
"sub_0399","cls_0127","BELONGS_TO"
"sub_0400","cls_0023","BELONGS_TO"
"sub_0400","cls_0087","BELONGS_TO"
"sub_0401","cls_0126","BELONGS_TO"
"sub_0402","cls_0013","BELONGS_TO"
"sub_0402","cls_0015","BELONGS_TO"
"sub_0402","cls_0115","BELONGS_TO"
"sub_0402","cls_0126","BELONGS_TO"
"sub_0403","cls_0154","BELONGS_TO"
"sub_0404","cls_0040","BELONGS_TO"
"sub_0404","cls_0121","BELONGS_TO"
"sub_0405","cls_0154","BELONGS_TO"
"sub_0407","cls_0100","BELONGS_TO"
"sub_0407","cls_0128","BELONGS_TO"
"sub_0408","cls_0049","BELONGS_TO"
"sub_0409","cls_0121","BELONGS_TO"
"sub_0410","cls_0025","BELONGS_TO"
"sub_0411","cls_0148","BELONGS_TO"
"sub_0414","cls_0062","BELONGS_TO"
"sub_0415","cls_0056","BELONGS_TO"
"sub_0415","cls_0089","BELONGS_TO"
"sub_0415","cls_0114","BELONGS_TO"
"sub_0416","cls_0028","BELONGS_TO"
"sub_0416","cls_0045","BELONGS_TO"
"sub_0417","cls_0121","BELONGS_TO"
"sub_0417","cls_0126","BELONGS_TO"
"sub_0418","cls_0047","BELONGS_TO"
"sub_0419","cls_0154","BELONGS_TO"
"sub_0420","cls_0062","BELONGS_TO"
"sub_0420","cls_0077","BELONGS_TO"
"sub_0421","cls_0090","BELONGS_TO"
"sub_0421","cls_0108","BELONGS_TO"
"sub_0421","cls_0120","BELONGS_TO"
"sub_0421","cls_0129","BELONGS_TO"
"sub_0422","cls_0121","BELONGS_TO"
"sub_0422","cls_0126","BELONGS_TO"
"sub_0422","cls_0130","BELONGS_TO"
"sub_0422","cls_0133","BELONGS_TO"
"sub_0422","cls_0134","BELONGS_TO"
"sub_0422","cls_0136","BELONGS_TO"
"sub_0422","cls_0153","BELONGS_TO"
"sub_0423","cls_0120","BELONGS_TO"
"sub_0423","cls_0121","BELONGS_TO"
"sub_0423","cls_0126","BELONGS_TO"
"sub_0423","cls_0130","BELONGS_TO"
"sub_0423","cls_0133","BELONGS_TO"
"sub_0423","cls_0134","BELONGS_TO"
"sub_0423","cls_0136","BELONGS_TO"
"sub_0423","cls_0153","BELONGS_TO"
"sub_0423","cls_0154","BELONGS_TO"
"sub_0424","cls_0047","BELONGS_TO"
"sub_0424","cls_0126","BELONGS_TO"
"sub_0425","cls_0023","BELONGS_TO"
"sub_0425","cls_0087","BELONGS_TO"
"sub_0426","cls_0123","BELONGS_TO"
"sub_0426","cls_0128","BELONGS_TO"
"sub_0427","cls_0058","BELONGS_TO"
"sub_0428","cls_0098","BELONGS_TO"
"sub_0428","cls_0127","BELONGS_TO"
"sub_0429","cls_0090","BELONGS_TO"
"sub_0429","cls_0108","BELONGS_TO"
"sub_0429","cls_0120","BELONGS_TO"
"sub_0429","cls_0129","BELONGS_TO"
"sub_0430","cls_0087","BELONGS_TO"
"sub_0430","cls_0091","BELONGS_TO"
"sub_0430","cls_0092","BELONGS_TO"
"sub_0430","cls_0093","BELONGS_TO"
"sub_0431","cls_0104","BELONGS_TO"
"sub_0432","cls_0124","BELONGS_TO"
"sub_0433","cls_0034","BELONGS_TO"
"sub_0433","cls_0087","BELONGS_TO"
"sub_0433","cls_0099","BELONGS_TO"
"sub_0433","cls_0119","BELONGS_TO"
"sub_0433","cls_0132","BELONGS_TO"
"sub_0434","cls_0029","BELONGS_TO"
"sub_0434","cls_0095","BELONGS_TO"
"sub_0434","cls_0096","BELONGS_TO"
"sub_0434","cls_0141","BELONGS_TO"
"sub_0435","cls_0105","BELONGS_TO"
"sub_0437","cls_0062","BELONGS_TO"
"sub_0438","cls_0168","BELONGS_TO"
"sub_0438","cls_0170","BELONGS_TO"
"sub_0439","cls_0034","BELONGS_TO"
"sub_0439","cls_0064","BELONGS_TO"
"sub_0439","cls_0065","BELONGS_TO"
"sub_0439","cls_0066","BELONGS_TO"
"sub_0439","cls_0089","BELONGS_TO"
"sub_0439","cls_0090","BELONGS_TO"
"sub_0439","cls_0119","BELONGS_TO"
"sub_0439","cls_0125","BELONGS_TO"
"sub_0440","cls_0126","BELONGS_TO"
"sub_0441","cls_0027","BELONGS_TO"
"sub_0441","cls_0049","BELONGS_TO"
"sub_0442","cls_0124","BELONGS_TO"
"sub_0443","cls_0105","BELONGS_TO"
"sub_0443","cls_0155","BELONGS_TO"
"sub_0444","cls_0011","BELONGS_TO"
"sub_0444","cls_0165","BELONGS_TO"
"sub_0445","cls_0062","BELONGS_TO"
"sub_0446","cls_0075","BELONGS_TO"
"sub_0446","cls_0127","BELONGS_TO"
"sub_0447","cls_0012","BELONGS_TO"
"sub_0447","cls_0124","BELONGS_TO"
"sub_0447","cls_0125","BELONGS_TO"
"sub_0448","cls_0105","BELONGS_TO"
"sub_0449","cls_0062","BELONGS_TO"
"sub_0449","cls_0077","BELONGS_TO"
"sub_0453","cls_0001","BELONGS_TO"
"sub_0454","cls_0019","BELONGS_TO"
"sub_0454","cls_0157","BELONGS_TO"
"sub_0455","cls_0157","BELONGS_TO"
"sub_0456","cls_0157","BELONGS_TO"
"sub_0457","cls_0019","BELONGS_TO"
"sub_0457","cls_0157","BELONGS_TO"
"sub_0460","cls_0121","BELONGS_TO"
"sub_0461","cls_0022","BELONGS_TO"
"sub_0462","cls_0128","BELONGS_TO"
"sub_0463","cls_0162","BELONGS_TO"
"sub_0464","cls_0084","BELONGS_TO"
"sub_0465","cls_0019","BELONGS_TO"
"sub_0467","cls_0033","BELONGS_TO"
"sub_0467","cls_0119","BELONGS_TO"
"sub_0468","cls_0030","BELONGS_TO"
"sub_0469","cls_0035","BELONGS_TO"
"sub_0469","cls_0153","BELONGS_TO"
"sub_0469","cls_0155","BELONGS_TO"
"sub_0470","cls_0120","BELONGS_TO"
"sub_0470","cls_0126","BELONGS_TO"
"sub_0470","cls_0130","BELONGS_TO"
"sub_0470","cls_0133","BELONGS_TO"
"sub_0470","cls_0134","BELONGS_TO"
"sub_0470","cls_0136","BELONGS_TO"
"sub_0470","cls_0153","BELONGS_TO"
"sub_0471","cls_0018","BELONGS_TO"
"sub_0472","cls_0087","BELONGS_TO"
"sub_0472","cls_0091","BELONGS_TO"
"sub_0472","cls_0092","BELONGS_TO"
"sub_0472","cls_0093","BELONGS_TO"
"sub_0473","cls_0087","BELONGS_TO"
"sub_0473","cls_0091","BELONGS_TO"
"sub_0473","cls_0092","BELONGS_TO"
"sub_0473","cls_0093","BELONGS_TO"
"sub_0474","cls_0121","BELONGS_TO"
"sub_0475","cls_0034","BELONGS_TO"
"sub_0475","cls_0064","BELONGS_TO"
"sub_0475","cls_0066","BELONGS_TO"
"sub_0475","cls_0067","BELONGS_TO"
"sub_0475","cls_0089","BELONGS_TO"
"sub_0475","cls_0090","BELONGS_TO"
"sub_0475","cls_0119","BELONGS_TO"
"sub_0476","cls_0056","BELONGS_TO"
"sub_0476","cls_0089","BELONGS_TO"
"sub_0477","cls_0013","BELONGS_TO"
"sub_0477","cls_0015","BELONGS_TO"
"sub_0477","cls_0115","BELONGS_TO"
"sub_0477","cls_0126","BELONGS_TO"
"sub_0478","cls_0025","BELONGS_TO"
"sub_0478","cls_0026","BELONGS_TO"
"sub_0478","cls_0049","BELONGS_TO"
"sub_0478","cls_0153","BELONGS_TO"
"sub_0478","cls_0166","BELONGS_TO"
"sub_0479","cls_0011","BELONGS_TO"
"sub_0479","cls_0165","BELONGS_TO"
"sub_0480","cls_0062","BELONGS_TO"
"sub_0481","cls_0153","BELONGS_TO"
"sub_0482","cls_0145","BELONGS_TO"
"sub_0483","cls_0121","BELONGS_TO"
"sub_0483","cls_0126","BELONGS_TO"
"sub_0483","cls_0153","BELONGS_TO"
"sub_0483","cls_0166","BELONGS_TO"
"sub_0484","cls_0030","BELONGS_TO"
"sub_0485","cls_0105","BELONGS_TO"
"sub_0485","cls_0155","BELONGS_TO"
"sub_0486","cls_0023","BELONGS_TO"
"sub_0486","cls_0087","BELONGS_TO"
"sub_0487","cls_0062","BELONGS_TO"
"sub_0489","cls_0062","BELONGS_TO"
"sub_0489","cls_0124","BELONGS_TO"
"sub_0490","cls_0024","BELONGS_TO"
"sub_0491","cls_0024","BELONGS_TO"
"sub_0492","cls_0105","BELONGS_TO"
"sub_0492","cls_0127","BELONGS_TO"
"sub_0492","cls_0155","BELONGS_TO"
"sub_0493","cls_0147","BELONGS_TO"
"sub_0494","cls_0031","BELONGS_TO"
"sub_0494","cls_0120","BELONGS_TO"
"sub_0494","cls_0121","BELONGS_TO"
"sub_0494","cls_0122","BELONGS_TO"
"sub_0494","cls_0129","BELONGS_TO"
"sub_0494","cls_0130","BELONGS_TO"
"sub_0495","cls_0081","BELONGS_TO"
"sub_0496","cls_0081","BELONGS_TO"
"sub_0497","cls_0050","BELONGS_TO"
"sub_0498","cls_0034","BELONGS_TO"
"sub_0498","cls_0064","BELONGS_TO"
"sub_0498","cls_0066","BELONGS_TO"
"sub_0498","cls_0067","BELONGS_TO"
"sub_0498","cls_0089","BELONGS_TO"
"sub_0498","cls_0090","BELONGS_TO"
"sub_0498","cls_0119","BELONGS_TO"
"sub_0499","cls_0023","BELONGS_TO"
"sub_0499","cls_0087","BELONGS_TO"
"sub_0500","cls_0030","BELONGS_TO"
"sub_0501","cls_0022","BELONGS_TO"
"sub_0502","cls_0030","BELONGS_TO"
"sub_0504","cls_0109","BELONGS_TO"
"sub_0505","cls_0109","BELONGS_TO"
"sub_0506","cls_0109","BELONGS_TO"
"sub_0507","cls_0109","BELONGS_TO"
"sub_0508","cls_0109","BELONGS_TO"
"sub_0509","cls_0109","BELONGS_TO"
"sub_0510","cls_0109","BELONGS_TO"
"sub_0511","cls_0109","BELONGS_TO"
"sub_0512","cls_0109","BELONGS_TO"
"sub_0513","cls_0109","BELONGS_TO"
"sub_0514","cls_0109","BELONGS_TO"
"sub_0515","cls_0109","BELONGS_TO"
"sub_0516","cls_0109","BELONGS_TO"
"sub_0517","cls_0109","BELONGS_TO"
"sub_0518","cls_0109","BELONGS_TO"
"sub_0519","cls_0109","BELONGS_TO"
"sub_0521","cls_0124","BELONGS_TO"
"sub_0521","cls_0143","BELONGS_TO"
"sub_0522","cls_0124","BELONGS_TO"
"sub_0522","cls_0143","BELONGS_TO"
"sub_0523","cls_0124","BELONGS_TO"
"sub_0523","cls_0143","BELONGS_TO"
"sub_0524","cls_0124","BELONGS_TO"
"sub_0524","cls_0143","BELONGS_TO"
"sub_0525","cls_0124","BELONGS_TO"
"sub_0525","cls_0143","BELONGS_TO"
"sub_0526","cls_0124","BELONGS_TO"
"sub_0526","cls_0143","BELONGS_TO"
"sub_0527","cls_0124","BELONGS_TO"
"sub_0527","cls_0143","BELONGS_TO"
"sub_0528","cls_0030","BELONGS_TO"
"sub_0529","cls_0121","BELONGS_TO"
"sub_0530","cls_0002","BELONGS_TO"
"sub_0530","cls_0129","BELONGS_TO"
"sub_0531","cls_0021","BELONGS_TO"
"sub_0531","cls_0034","BELONGS_TO"
"sub_0531","cls_0087","BELONGS_TO"
"sub_0531","cls_0119","BELONGS_TO"
"sub_0531","cls_0132","BELONGS_TO"
"sub_0532","cls_0062","BELONGS_TO"
"sub_0532","cls_0155","BELONGS_TO"
"sub_0534","cls_0012","BELONGS_TO"
"sub_0534","cls_0124","BELONGS_TO"
"sub_0534","cls_0125","BELONGS_TO"
"sub_0535","cls_0018","BELONGS_TO"
"sub_0536","cls_0154","BELONGS_TO"
"sub_0538","cls_0072","BELONGS_TO"
"sub_0538","cls_0130","BELONGS_TO"
"sub_0539","cls_0121","BELONGS_TO"
"sub_0539","cls_0126","BELONGS_TO"
"sub_0540","cls_0151","BELONGS_TO"
"sub_0541","cls_0020","BELONGS_TO"
"sub_0541","cls_0034","BELONGS_TO"
"sub_0541","cls_0063","BELONGS_TO"
"sub_0541","cls_0119","BELONGS_TO"
"sub_0542","cls_0107","BELONGS_TO"
"sub_0543","cls_0049","BELONGS_TO"
"sub_0544","cls_0110","BELONGS_TO"
"sub_0545","cls_0030","BELONGS_TO"
"sub_0546","cls_0113","BELONGS_TO"
"sub_0547","cls_0165","BELONGS_TO"
"sub_0549","cls_0019","BELONGS_TO"
"sub_0549","cls_0107","BELONGS_TO"
"sub_0550","cls_0023","BELONGS_TO"
"sub_0550","cls_0087","BELONGS_TO"
"sub_0551","cls_0126","BELONGS_TO"
"sub_0552","cls_0034","BELONGS_TO"
"sub_0552","cls_0049","BELONGS_TO"
"sub_0552","cls_0051","BELONGS_TO"
"sub_0552","cls_0052","BELONGS_TO"
"sub_0552","cls_0054","BELONGS_TO"
"sub_0552","cls_0119","BELONGS_TO"
"sub_0553","cls_0020","BELONGS_TO"
"sub_0553","cls_0034","BELONGS_TO"
"sub_0553","cls_0063","BELONGS_TO"
"sub_0553","cls_0119","BELONGS_TO"
"sub_0555","cls_0029","BELONGS_TO"
"sub_0556","cls_0016","BELONGS_TO"
"sub_0557","cls_0042","BELONGS_TO"
"sub_0557","cls_0154","BELONGS_TO"
"sub_0558","cls_0165","BELONGS_TO"
"sub_0559","cls_0105","BELONGS_TO"
"sub_0559","cls_0155","BELONGS_TO"
"sub_0560","cls_0105","BELONGS_TO"
"sub_0561","cls_0154","BELONGS_TO"
"sub_0563","cls_0127","BELONGS_TO"
"sub_0564","cls_0020","BELONGS_TO"
"sub_0564","cls_0034","BELONGS_TO"
"sub_0564","cls_0063","BELONGS_TO"
"sub_0564","cls_0119","BELONGS_TO"
"sub_0565","cls_0095","BELONGS_TO"
"sub_0566","cls_0128","BELONGS_TO"
"sub_0567","cls_0034","BELONGS_TO"
"sub_0567","cls_0049","BELONGS_TO"
"sub_0567","cls_0051","BELONGS_TO"
"sub_0567","cls_0052","BELONGS_TO"
"sub_0567","cls_0119","BELONGS_TO"
"sub_0569","cls_0130","BELONGS_TO"
"sub_0570","cls_0076","BELONGS_TO"
"sub_0570","cls_0120","BELONGS_TO"
"sub_0570","cls_0154","BELONGS_TO"
"sub_0571","cls_0120","BELONGS_TO"
"sub_0572","cls_0120","BELONGS_TO"
"sub_0572","cls_0121","BELONGS_TO"
"sub_0572","cls_0126","BELONGS_TO"
"sub_0572","cls_0130","BELONGS_TO"
"sub_0572","cls_0133","BELONGS_TO"
"sub_0572","cls_0134","BELONGS_TO"
"sub_0572","cls_0136","BELONGS_TO"
"sub_0572","cls_0153","BELONGS_TO"
"sub_0572","cls_0154","BELONGS_TO"
"sub_0573","cls_0144","BELONGS_TO"
"sub_0574","cls_0130","BELONGS_TO"
"sub_0575","cls_0085","BELONGS_TO"
"sub_0575","cls_0154","BELONGS_TO"
"sub_0576","cls_0025","BELONGS_TO"
"sub_0577","cls_0080","BELONGS_TO"
"sub_0577","cls_0132","BELONGS_TO"
"sub_0578","cls_0112","BELONGS_TO"
"sub_0578","cls_0154","BELONGS_TO"
"sub_0579","cls_0003","BELONGS_TO"
"sub_0579","cls_0129","BELONGS_TO"
"sub_0580","cls_0085","BELONGS_TO"
"sub_0580","cls_0154","BELONGS_TO"
"sub_0581","cls_0034","BELONGS_TO"
"sub_0581","cls_0087","BELONGS_TO"
"sub_0581","cls_0099","BELONGS_TO"
"sub_0581","cls_0119","BELONGS_TO"
"sub_0581","cls_0132","BELONGS_TO"
"sub_0582","cls_0007","BELONGS_TO"
"sub_0582","cls_0037","BELONGS_TO"
"sub_0582","cls_0069","BELONGS_TO"
"sub_0582","cls_0130","BELONGS_TO"
"sub_0583","cls_0129","BELONGS_TO"
"sub_0584","cls_0047","BELONGS_TO"
"sub_0584","cls_0126","BELONGS_TO"
"sub_0585","cls_0076","BELONGS_TO"
"sub_0585","cls_0120","BELONGS_TO"
"sub_0585","cls_0154","BELONGS_TO"
"sub_0587","cls_0062","BELONGS_TO"
"sub_0588","cls_0104","BELONGS_TO"
"sub_0589","cls_0047","BELONGS_TO"
"sub_0589","cls_0088","BELONGS_TO"
"sub_0589","cls_0126","BELONGS_TO"
"sub_0590","cls_0047","BELONGS_TO"
"sub_0590","cls_0126","BELONGS_TO"
"sub_0591","cls_0095","BELONGS_TO"
"sub_0591","cls_0105","BELONGS_TO"
"sub_0591","cls_0155","BELONGS_TO"
"sub_0592","cls_0047","BELONGS_TO"
"sub_0592","cls_0088","BELONGS_TO"
"sub_0592","cls_0126","BELONGS_TO"
"sub_0593","cls_0021","BELONGS_TO"
"sub_0593","cls_0034","BELONGS_TO"
"sub_0593","cls_0087","BELONGS_TO"
"sub_0593","cls_0119","BELONGS_TO"
"sub_0593","cls_0132","BELONGS_TO"
"sub_0594","cls_0121","BELONGS_TO"
"sub_0594","cls_0126","BELONGS_TO"
"sub_0594","cls_0130","BELONGS_TO"
"sub_0594","cls_0133","BELONGS_TO"
"sub_0594","cls_0134","BELONGS_TO"
"sub_0595","cls_0095","BELONGS_TO"
"sub_0595","cls_0110","BELONGS_TO"
"sub_0596","cls_0035","BELONGS_TO"
"sub_0596","cls_0153","BELONGS_TO"
"sub_0596","cls_0155","BELONGS_TO"
"sub_0598","cls_0061","BELONGS_TO"
"sub_0598","cls_0154","BELONGS_TO"
"sub_0600","cls_0111","BELONGS_TO"
"sub_0601","cls_0011","BELONGS_TO"
"sub_0601","cls_0165","BELONGS_TO"
"sub_0603","cls_0165","BELONGS_TO"
"sub_0604","cls_0165","BELONGS_TO"
"sub_0605","cls_0020","BELONGS_TO"
"sub_0605","cls_0034","BELONGS_TO"
"sub_0605","cls_0063","BELONGS_TO"
"sub_0605","cls_0119","BELONGS_TO"
"sub_0607","cls_0031","BELONGS_TO"
"sub_0607","cls_0120","BELONGS_TO"
"sub_0607","cls_0121","BELONGS_TO"
"sub_0607","cls_0126","BELONGS_TO"
"sub_0607","cls_0130","BELONGS_TO"
"sub_0610","cls_0121","BELONGS_TO"
"sub_0610","cls_0126","BELONGS_TO"
"sub_0611","cls_0145","BELONGS_TO"
"sub_0612","cls_0144","BELONGS_TO"
"sub_0612","cls_0145","BELONGS_TO"
"sub_0613","cls_0049","BELONGS_TO"
"sub_0613","cls_0120","BELONGS_TO"
"sub_0614","cls_0145","BELONGS_TO"
"sub_0615","cls_0023","BELONGS_TO"
"sub_0615","cls_0087","BELONGS_TO"
"sub_0616","cls_0062","BELONGS_TO"
"sub_0617","cls_0120","BELONGS_TO"
"sub_0618","cls_0120","BELONGS_TO"
"sub_0619","cls_0121","BELONGS_TO"
"sub_0619","cls_0126","BELONGS_TO"
"sub_0620","cls_0121","BELONGS_TO"
"sub_0620","cls_0126","BELONGS_TO"
"sub_0620","cls_0153","BELONGS_TO"
"sub_0620","cls_0166","BELONGS_TO"
"sub_0621","cls_0039","BELONGS_TO"
"sub_0622","cls_0038","BELONGS_TO"
"sub_0622","cls_0062","BELONGS_TO"
"sub_0623","cls_0147","BELONGS_TO"
"sub_0624","cls_0071","BELONGS_TO"
"sub_0626","cls_0115","BELONGS_TO"
"sub_0626","cls_0118","BELONGS_TO"
"sub_0626","cls_0126","BELONGS_TO"
"sub_0626","cls_0131","BELONGS_TO"
"sub_0626","cls_0153","BELONGS_TO"
"sub_0628","cls_0062","BELONGS_TO"
"sub_0628","cls_0124","BELONGS_TO"
"sub_0629","cls_0018","BELONGS_TO"
"sub_0630","cls_0034","BELONGS_TO"
"sub_0630","cls_0064","BELONGS_TO"
"sub_0630","cls_0066","BELONGS_TO"
"sub_0630","cls_0067","BELONGS_TO"
"sub_0630","cls_0089","BELONGS_TO"
"sub_0630","cls_0090","BELONGS_TO"
"sub_0630","cls_0119","BELONGS_TO"
"sub_0631","cls_0033","BELONGS_TO"
"sub_0631","cls_0034","BELONGS_TO"
"sub_0631","cls_0119","BELONGS_TO"
"sub_0631","cls_0126","BELONGS_TO"
"sub_0632","cls_0061","BELONGS_TO"
"sub_0632","cls_0154","BELONGS_TO"
"sub_0633","cls_0008","BELONGS_TO"
"sub_0634","cls_0161","BELONGS_TO"
"sub_0635","cls_0056","BELONGS_TO"
"sub_0635","cls_0058","BELONGS_TO"
"sub_0635","cls_0082","BELONGS_TO"
"sub_0635","cls_0089","BELONGS_TO"
"sub_0635","cls_0154","BELONGS_TO"
"sub_0636","cls_0057","BELONGS_TO"
"sub_0636","cls_0083","BELONGS_TO"
"sub_0637","cls_0123","BELONGS_TO"
"sub_0637","cls_0126","BELONGS_TO"
"sub_0637","cls_0133","BELONGS_TO"
"sub_0637","cls_0135","BELONGS_TO"
"sub_0638","cls_0121","BELONGS_TO"
"sub_0638","cls_0126","BELONGS_TO"
"sub_0638","cls_0130","BELONGS_TO"
"sub_0638","cls_0154","BELONGS_TO"
"sub_0639","cls_0034","BELONGS_TO"
"sub_0639","cls_0049","BELONGS_TO"
"sub_0639","cls_0051","BELONGS_TO"
"sub_0639","cls_0052","BELONGS_TO"
"sub_0639","cls_0053","BELONGS_TO"
"sub_0639","cls_0119","BELONGS_TO"
"sub_0639","cls_0154","BELONGS_TO"
"sub_0640","cls_0019","BELONGS_TO"
"sub_0642","cls_0025","BELONGS_TO"
"sub_0643","cls_0126","BELONGS_TO"
"sub_0645","cls_0047","BELONGS_TO"
"sub_0645","cls_0126","BELONGS_TO"
"sub_0645","cls_0155","BELONGS_TO"
"sub_0646","cls_0113","BELONGS_TO"
"sub_0647","cls_0049","BELONGS_TO"
"sub_0647","cls_0159","BELONGS_TO"
"sub_0650","cls_0129","BELONGS_TO"
"sub_0651","cls_0122","BELONGS_TO"
"sub_0651","cls_0129","BELONGS_TO"
"sub_0652","cls_0061","BELONGS_TO"
"sub_0652","cls_0154","BELONGS_TO"
"sub_0654","cls_0126","BELONGS_TO"
"sub_0655","cls_0062","BELONGS_TO"
"sub_0657","cls_0062","BELONGS_TO"
"sub_0658","cls_0059","BELONGS_TO"
"sub_0659","cls_0003","BELONGS_TO"
"sub_0659","cls_0129","BELONGS_TO"
"sub_0661","cls_0034","BELONGS_TO"
"sub_0661","cls_0087","BELONGS_TO"
"sub_0661","cls_0099","BELONGS_TO"
"sub_0661","cls_0119","BELONGS_TO"
"sub_0661","cls_0132","BELONGS_TO"
"sub_0662","cls_0072","BELONGS_TO"
"sub_0662","cls_0130","BELONGS_TO"
"sub_0663","cls_0058","BELONGS_TO"
"sub_0664","cls_0165","BELONGS_TO"
"sub_0666","cls_0023","BELONGS_TO"
"sub_0666","cls_0087","BELONGS_TO"
"sub_0667","cls_0013","BELONGS_TO"
"sub_0667","cls_0015","BELONGS_TO"
"sub_0667","cls_0115","BELONGS_TO"
"sub_0667","cls_0126","BELONGS_TO"
"sub_0668","cls_0076","BELONGS_TO"
"sub_0668","cls_0120","BELONGS_TO"
"sub_0668","cls_0153","BELONGS_TO"
"sub_0668","cls_0154","BELONGS_TO"
"sub_0668","cls_0166","BELONGS_TO"
"sub_0669","cls_0033","BELONGS_TO"
"sub_0669","cls_0034","BELONGS_TO"
"sub_0669","cls_0119","BELONGS_TO"
"sub_0669","cls_0126","BELONGS_TO"
"sub_0672","cls_0023","BELONGS_TO"
"sub_0672","cls_0087","BELONGS_TO"
"sub_0673","cls_0034","BELONGS_TO"
"sub_0673","cls_0049","BELONGS_TO"
"sub_0673","cls_0051","BELONGS_TO"
"sub_0673","cls_0052","BELONGS_TO"
"sub_0673","cls_0054","BELONGS_TO"
"sub_0673","cls_0119","BELONGS_TO"
"sub_0674","cls_0087","BELONGS_TO"
"sub_0674","cls_0091","BELONGS_TO"
"sub_0674","cls_0092","BELONGS_TO"
"sub_0674","cls_0093","BELONGS_TO"
"sub_0675","cls_0115","BELONGS_TO"
"sub_0675","cls_0116","BELONGS_TO"
"sub_0675","cls_0126","BELONGS_TO"
"sub_0676","cls_0115","BELONGS_TO"
"sub_0676","cls_0117","BELONGS_TO"
"sub_0678","cls_0115","BELONGS_TO"
"sub_0678","cls_0126","BELONGS_TO"
"sub_0679","cls_0115","BELONGS_TO"
"sub_0679","cls_0117","BELONGS_TO"
"sub_0680","cls_0159","BELONGS_TO"
"sub_0681","cls_0023","BELONGS_TO"
"sub_0681","cls_0087","BELONGS_TO"
"sub_0682","cls_0168","BELONGS_TO"
"sub_0682","cls_0170","BELONGS_TO"
"sub_0683","cls_0030","BELONGS_TO"
"sub_0684","cls_0079","BELONGS_TO"
"sub_0685","cls_0034","BELONGS_TO"
"sub_0685","cls_0049","BELONGS_TO"
"sub_0685","cls_0051","BELONGS_TO"
"sub_0685","cls_0052","BELONGS_TO"
"sub_0685","cls_0053","BELONGS_TO"
"sub_0685","cls_0119","BELONGS_TO"
"sub_0686","cls_0121","BELONGS_TO"
"sub_0686","cls_0126","BELONGS_TO"
"sub_0687","cls_0062","BELONGS_TO"
"sub_0688","cls_0027","BELONGS_TO"
"sub_0688","cls_0049","BELONGS_TO"
"sub_0689","cls_0012","BELONGS_TO"
"sub_0689","cls_0124","BELONGS_TO"
"sub_0689","cls_0125","BELONGS_TO"
"sub_0691","cls_0095","BELONGS_TO"
"sub_0692","cls_0120","BELONGS_TO"
"sub_0693","cls_0020","BELONGS_TO"
"sub_0693","cls_0034","BELONGS_TO"
"sub_0693","cls_0063","BELONGS_TO"
"sub_0693","cls_0119","BELONGS_TO"
"sub_0694","cls_0072","BELONGS_TO"
"sub_0694","cls_0130","BELONGS_TO"
"sub_0695","cls_0167","BELONGS_TO"
"sub_0696","cls_0020","BELONGS_TO"
"sub_0696","cls_0034","BELONGS_TO"
"sub_0696","cls_0063","BELONGS_TO"
"sub_0696","cls_0119","BELONGS_TO"
"sub_0697","cls_0105","BELONGS_TO"
"sub_0697","cls_0155","BELONGS_TO"
"sub_0698","cls_0128","BELONGS_TO"
"sub_0699","cls_0023","BELONGS_TO"
"sub_0699","cls_0087","BELONGS_TO"
"sub_0700","cls_0020","BELONGS_TO"
"sub_0700","cls_0034","BELONGS_TO"
"sub_0700","cls_0063","BELONGS_TO"
"sub_0700","cls_0119","BELONGS_TO"
"sub_0702","cls_0104","BELONGS_TO"
"sub_0703","cls_0047","BELONGS_TO"
"sub_0703","cls_0088","BELONGS_TO"
"sub_0703","cls_0126","BELONGS_TO"
"sub_0704","cls_0020","BELONGS_TO"
"sub_0704","cls_0034","BELONGS_TO"
"sub_0704","cls_0063","BELONGS_TO"
"sub_0704","cls_0119","BELONGS_TO"
"sub_0705","cls_0030","BELONGS_TO"
"sub_0706","cls_0041","BELONGS_TO"
"sub_0706","cls_0154","BELONGS_TO"
"sub_0707","cls_0144","BELONGS_TO"
"sub_0707","cls_0145","BELONGS_TO"
"sub_0708","cls_0152","BELONGS_TO"
"sub_0709","cls_0160","BELONGS_TO"
"sub_0710","cls_0047","BELONGS_TO"
"sub_0710","cls_0126","BELONGS_TO"
"sub_0711","cls_0144","BELONGS_TO"
"sub_0712","cls_0160","BELONGS_TO"
"sub_0713","cls_0017","BELONGS_TO"
"sub_0714","cls_0144","BELONGS_TO"
"sub_0714","cls_0145","BELONGS_TO"
"sub_0715","cls_0076","BELONGS_TO"
"sub_0715","cls_0120","BELONGS_TO"
"sub_0715","cls_0154","BELONGS_TO"
"sub_0716","cls_0144","BELONGS_TO"
"sub_0718","cls_0043","BELONGS_TO"
"sub_0718","cls_0115","BELONGS_TO"
"sub_0718","cls_0126","BELONGS_TO"
"sub_0719","cls_0030","BELONGS_TO"
"sub_0720","cls_0030","BELONGS_TO"
"sub_0721","cls_0016","BELONGS_TO"
"sub_0722","cls_0030","BELONGS_TO"
"sub_0723","cls_0076","BELONGS_TO"
"sub_0723","cls_0120","BELONGS_TO"
"sub_0723","cls_0154","BELONGS_TO"
"sub_0724","cls_0126","BELONGS_TO"
"sub_0724","cls_0130","BELONGS_TO"
"sub_0724","cls_0133","BELONGS_TO"
"sub_0724","cls_0134","BELONGS_TO"
"sub_0726","cls_0021","BELONGS_TO"
"sub_0726","cls_0034","BELONGS_TO"
"sub_0726","cls_0087","BELONGS_TO"
"sub_0726","cls_0119","BELONGS_TO"
"sub_0726","cls_0132","BELONGS_TO"
"sub_0727","cls_0050","BELONGS_TO"
"sub_0728","cls_0071","BELONGS_TO"
"sub_0729","cls_0137","BELONGS_TO"
"sub_0730","cls_0042","BELONGS_TO"
"sub_0731","cls_0162","BELONGS_TO"
"sub_0734","cls_0019","BELONGS_TO"
"sub_0735","cls_0105","BELONGS_TO"
"sub_0735","cls_0155","BELONGS_TO"
"sub_0736","cls_0062","BELONGS_TO"
"sub_0736","cls_0077","BELONGS_TO"
"sub_0737","cls_0148","BELONGS_TO"
"sub_0738","cls_0062","BELONGS_TO"
"sub_0738","cls_0124","BELONGS_TO"
"sub_0738","cls_0125","BELONGS_TO"
"sub_0738","cls_0138","BELONGS_TO"
"sub_0739","cls_0047","BELONGS_TO"
"sub_0739","cls_0126","BELONGS_TO"
"sub_0740","cls_0029","BELONGS_TO"
"sub_0740","cls_0090","BELONGS_TO"
"sub_0740","cls_0095","BELONGS_TO"
"sub_0741","cls_0126","BELONGS_TO"
"sub_0742","cls_0122","BELONGS_TO"
"sub_0742","cls_0129","BELONGS_TO"
"sub_0743","cls_0120","BELONGS_TO"
"sub_0743","cls_0121","BELONGS_TO"
"sub_0743","cls_0126","BELONGS_TO"
"sub_0743","cls_0130","BELONGS_TO"
"sub_0743","cls_0154","BELONGS_TO"
"sub_0745","cls_0126","BELONGS_TO"
"sub_0746","cls_0040","BELONGS_TO"
"sub_0746","cls_0121","BELONGS_TO"
"sub_0747","cls_0013","BELONGS_TO"
"sub_0747","cls_0015","BELONGS_TO"
"sub_0747","cls_0115","BELONGS_TO"
"sub_0747","cls_0126","BELONGS_TO"
"sub_0747","cls_0155","BELONGS_TO"
"sub_0748","cls_0011","BELONGS_TO"
"sub_0749","cls_0159","BELONGS_TO"
"sub_0750","cls_0061","BELONGS_TO"
"sub_0750","cls_0154","BELONGS_TO"
"sub_0752","cls_0071","BELONGS_TO"
"sub_0753","cls_0062","BELONGS_TO"
"sub_0753","cls_0155","BELONGS_TO"
"sub_0754","cls_0105","BELONGS_TO"
"sub_0754","cls_0155","BELONGS_TO"
"sub_0755","cls_0126","BELONGS_TO"
"sub_0755","cls_0130","BELONGS_TO"
"sub_0755","cls_0133","BELONGS_TO"
"sub_0755","cls_0134","BELONGS_TO"
"sub_0756","cls_0162","BELONGS_TO"
"sub_0757","cls_0030","BELONGS_TO"
"sub_0759","cls_0042","BELONGS_TO"
"sub_0761","cls_0086","BELONGS_TO"
"sub_0762","cls_0023","BELONGS_TO"
"sub_0762","cls_0087","BELONGS_TO"
"sub_0763","cls_0137","BELONGS_TO"
"sub_0764","cls_0090","BELONGS_TO"
"sub_0764","cls_0108","BELONGS_TO"
"sub_0764","cls_0120","BELONGS_TO"
"sub_0764","cls_0129","BELONGS_TO"
"sub_0765","cls_0016","BELONGS_TO"
"sub_0765","cls_0049","BELONGS_TO"
"sub_0766","cls_0105","BELONGS_TO"
"sub_0766","cls_0155","BELONGS_TO"
"sub_0767","cls_0076","BELONGS_TO"
"sub_0767","cls_0120","BELONGS_TO"
"sub_0767","cls_0154","BELONGS_TO"
"sub_0769","cls_0030","BELONGS_TO"
"sub_0770","cls_0062","BELONGS_TO"
"sub_0771","cls_0105","BELONGS_TO"
"sub_0772","cls_0120","BELONGS_TO"
"sub_0772","cls_0126","BELONGS_TO"
"sub_0772","cls_0130","BELONGS_TO"
"sub_0772","cls_0133","BELONGS_TO"
"sub_0772","cls_0134","BELONGS_TO"
"sub_0773","cls_0154","BELONGS_TO"
"sub_0774","cls_0035","BELONGS_TO"
"sub_0774","cls_0124","BELONGS_TO"
"sub_0774","cls_0153","BELONGS_TO"
"sub_0775","cls_0062","BELONGS_TO"
"sub_0777","cls_0029","BELONGS_TO"
"sub_0777","cls_0126","BELONGS_TO"
"sub_0778","cls_0034","BELONGS_TO"
"sub_0778","cls_0087","BELONGS_TO"
"sub_0778","cls_0099","BELONGS_TO"
"sub_0778","cls_0130","BELONGS_TO"
"sub_0778","cls_0132","BELONGS_TO"
"sub_0779","cls_0119","BELONGS_TO"
"sub_0780","cls_0013","BELONGS_TO"
"sub_0780","cls_0015","BELONGS_TO"
"sub_0780","cls_0115","BELONGS_TO"
"sub_0780","cls_0126","BELONGS_TO"
"sub_0780","cls_0129","BELONGS_TO"
"sub_0781","cls_0002","BELONGS_TO"
"sub_0782","cls_0028","BELONGS_TO"
"sub_0783","cls_0121","BELONGS_TO"
"sub_0783","cls_0126","BELONGS_TO"
"sub_0784","cls_0029","BELONGS_TO"
"sub_0784","cls_0046","BELONGS_TO"
"sub_0784","cls_0095","BELONGS_TO"
"sub_0784","cls_0096","BELONGS_TO"
"sub_0784","cls_0126","BELONGS_TO"
"sub_0784","cls_0140","BELONGS_TO"
"sub_0785","cls_0148","BELONGS_TO"
"sub_0786","cls_0159","BELONGS_TO"
"sub_0787","cls_0121","BELONGS_TO"
"sub_0787","cls_0126","BELONGS_TO"
"sub_0788","cls_0029","BELONGS_TO"
"sub_0788","cls_0095","BELONGS_TO"
"sub_0788","cls_0096","BELONGS_TO"
"sub_0788","cls_0141","BELONGS_TO"
"sub_0789","cls_0043","BELONGS_TO"
"sub_0789","cls_0115","BELONGS_TO"
"sub_0789","cls_0126","BELONGS_TO"
"sub_0790","cls_0011","BELONGS_TO"
"sub_0791","cls_0154","BELONGS_TO"
"sub_0792","cls_0001","BELONGS_TO"
"sub_0793","cls_0049","BELONGS_TO"
"sub_0794","cls_0121","BELONGS_TO"
"sub_0794","cls_0126","BELONGS_TO"
"sub_0795","cls_0120","BELONGS_TO"
"sub_0795","cls_0126","BELONGS_TO"
"sub_0795","cls_0130","BELONGS_TO"
"sub_0795","cls_0133","BELONGS_TO"
"sub_0795","cls_0134","BELONGS_TO"
"sub_0795","cls_0136","BELONGS_TO"
"sub_0795","cls_0153","BELONGS_TO"
"sub_0795","cls_0155","BELONGS_TO"
"sub_0796","cls_0034","BELONGS_TO"
"sub_0796","cls_0049","BELONGS_TO"
"sub_0796","cls_0051","BELONGS_TO"
"sub_0796","cls_0052","BELONGS_TO"
"sub_0796","cls_0054","BELONGS_TO"
"sub_0796","cls_0119","BELONGS_TO"
"sub_0797","cls_0120","BELONGS_TO"
"sub_0797","cls_0126","BELONGS_TO"
"sub_0797","cls_0130","BELONGS_TO"
"sub_0797","cls_0133","BELONGS_TO"
"sub_0797","cls_0134","BELONGS_TO"
"sub_0797","cls_0136","BELONGS_TO"
"sub_0797","cls_0153","BELONGS_TO"
"sub_0798","cls_0148","BELONGS_TO"
"sub_0799","cls_0142","BELONGS_TO"
"sub_0800","cls_0035","BELONGS_TO"
"sub_0800","cls_0153","BELONGS_TO"
"sub_0800","cls_0166","BELONGS_TO"
"sub_0801","cls_0154","BELONGS_TO"
"sub_0802","cls_0062","BELONGS_TO"
"sub_0803","cls_0120","BELONGS_TO"
"sub_0803","cls_0121","BELONGS_TO"
"sub_0803","cls_0126","BELONGS_TO"
"sub_0803","cls_0130","BELONGS_TO"
"sub_0803","cls_0133","BELONGS_TO"
"sub_0803","cls_0134","BELONGS_TO"
"sub_0803","cls_0136","BELONGS_TO"
"sub_0803","cls_0153","BELONGS_TO"
"sub_0803","cls_0154","BELONGS_TO"
"sub_0804","cls_0034","BELONGS_TO"
"sub_0804","cls_0064","BELONGS_TO"
"sub_0804","cls_0065","BELONGS_TO"
"sub_0804","cls_0066","BELONGS_TO"
"sub_0804","cls_0089","BELONGS_TO"
"sub_0804","cls_0090","BELONGS_TO"
"sub_0804","cls_0119","BELONGS_TO"
"sub_0804","cls_0125","BELONGS_TO"
"sub_0806","cls_0037","BELONGS_TO"
"sub_0806","cls_0069","BELONGS_TO"
"sub_0806","cls_0130","BELONGS_TO"
"sub_0807","cls_0023","BELONGS_TO"
"sub_0807","cls_0087","BELONGS_TO"
"sub_0808","cls_0087","BELONGS_TO"
"sub_0809","cls_0098","BELONGS_TO"
"sub_0809","cls_0127","BELONGS_TO"
"sub_0810","cls_0095","BELONGS_TO"
"sub_0811","cls_0148","BELONGS_TO"
"sub_0812","cls_0062","BELONGS_TO"
"sub_0813","cls_0121","BELONGS_TO"
"sub_0813","cls_0126","BELONGS_TO"
"sub_0815","cls_0150","BELONGS_TO"
"sub_0816","cls_0150","BELONGS_TO"
"sub_0817","cls_0105","BELONGS_TO"
"sub_0817","cls_0155","BELONGS_TO"
"sub_0819","cls_0107","BELONGS_TO"
"sub_0820","cls_0087","BELONGS_TO"
"sub_0821","cls_0055","BELONGS_TO"
"sub_0823","cls_0105","BELONGS_TO"
"sub_0824","cls_0037","BELONGS_TO"
"sub_0824","cls_0069","BELONGS_TO"
"sub_0824","cls_0130","BELONGS_TO"
"sub_0825","cls_0024","BELONGS_TO"
"sub_0826","cls_0098","BELONGS_TO"
"sub_0826","cls_0127","BELONGS_TO"
"sub_0827","cls_0047","BELONGS_TO"
"sub_0827","cls_0126","BELONGS_TO"
"sub_0829","cls_0010","BELONGS_TO"
"sub_0829","cls_0032","BELONGS_TO"
"sub_0829","cls_0119","BELONGS_TO"
"sub_0829","cls_0130","BELONGS_TO"
"sub_0830","cls_0056","BELONGS_TO"
"sub_0830","cls_0057","BELONGS_TO"
"sub_0830","cls_0058","BELONGS_TO"
"sub_0830","cls_0082","BELONGS_TO"
"sub_0830","cls_0089","BELONGS_TO"
"sub_0830","cls_0154","BELONGS_TO"
"sub_0831","cls_0056","BELONGS_TO"
"sub_0831","cls_0058","BELONGS_TO"
"sub_0831","cls_0082","BELONGS_TO"
"sub_0831","cls_0089","BELONGS_TO"
"sub_0831","cls_0154","BELONGS_TO"
"sub_0832","cls_0126","BELONGS_TO"
"sub_0833","cls_0123","BELONGS_TO"
"sub_0834","cls_0029","BELONGS_TO"
"sub_0834","cls_0046","BELONGS_TO"
"sub_0834","cls_0095","BELONGS_TO"
"sub_0834","cls_0096","BELONGS_TO"
"sub_0834","cls_0126","BELONGS_TO"
"sub_0834","cls_0140","BELONGS_TO"
"sub_0837","cls_0019","BELONGS_TO"
"sub_0837","cls_0062","BELONGS_TO"
"sub_0838","cls_0145","BELONGS_TO"
"sub_0839","cls_0154","BELONGS_TO"
"sub_0840","cls_0145","BELONGS_TO"
"sub_0841","cls_0073","BELONGS_TO"
"sub_0842","cls_0088","BELONGS_TO"
"sub_0842","cls_0120","BELONGS_TO"
"sub_0842","cls_0121","BELONGS_TO"
"sub_0842","cls_0126","BELONGS_TO"
"sub_0842","cls_0130","BELONGS_TO"
"sub_0842","cls_0133","BELONGS_TO"
"sub_0842","cls_0154","BELONGS_TO"
"sub_0843","cls_0025","BELONGS_TO"
"sub_0844","cls_0120","BELONGS_TO"
"sub_0844","cls_0121","BELONGS_TO"
"sub_0844","cls_0126","BELONGS_TO"
"sub_0844","cls_0130","BELONGS_TO"
"sub_0844","cls_0133","BELONGS_TO"
"sub_0844","cls_0134","BELONGS_TO"
"sub_0844","cls_0154","BELONGS_TO"
"sub_0845","cls_0034","BELONGS_TO"
"sub_0845","cls_0049","BELONGS_TO"
"sub_0845","cls_0051","BELONGS_TO"
"sub_0845","cls_0052","BELONGS_TO"
"sub_0845","cls_0054","BELONGS_TO"
"sub_0845","cls_0119","BELONGS_TO"
"sub_0845","cls_0154","BELONGS_TO"
"sub_0846","cls_0024","BELONGS_TO"
"sub_0847","cls_0024","BELONGS_TO"
"sub_0848","cls_0161","BELONGS_TO"
"sub_0850","cls_0027","BELONGS_TO"
"sub_0850","cls_0049","BELONGS_TO"
"sub_0852","cls_0120","BELONGS_TO"
"sub_0852","cls_0121","BELONGS_TO"
"sub_0852","cls_0126","BELONGS_TO"
"sub_0852","cls_0130","BELONGS_TO"
"sub_0852","cls_0133","BELONGS_TO"
"sub_0852","cls_0134","BELONGS_TO"
"sub_0852","cls_0155","BELONGS_TO"
"sub_0853","cls_0069","BELONGS_TO"
"sub_0853","cls_0070","BELONGS_TO"
"sub_0854","cls_0034","BELONGS_TO"
"sub_0854","cls_0087","BELONGS_TO"
"sub_0854","cls_0099","BELONGS_TO"
"sub_0854","cls_0119","BELONGS_TO"
"sub_0854","cls_0132","BELONGS_TO"
"sub_0855","cls_0025","BELONGS_TO"
"sub_0855","cls_0026","BELONGS_TO"
"sub_0855","cls_0049","BELONGS_TO"
"sub_0855","cls_0121","BELONGS_TO"
"sub_0855","cls_0153","BELONGS_TO"
"sub_0855","cls_0166","BELONGS_TO"
"sub_0856","cls_0155","BELONGS_TO"
"sub_0858","cls_0042","BELONGS_TO"
"sub_0859","cls_0132","BELONGS_TO"
"sub_0860","cls_0097","BELONGS_TO"
"sub_0860","cls_0154","BELONGS_TO"
"sub_0861","cls_0062","BELONGS_TO"
"sub_0862","cls_0034","BELONGS_TO"
"sub_0862","cls_0087","BELONGS_TO"
"sub_0862","cls_0099","BELONGS_TO"
"sub_0862","cls_0119","BELONGS_TO"
"sub_0862","cls_0132","BELONGS_TO"
"sub_0863","cls_0030","BELONGS_TO"
"sub_0864","cls_0041","BELONGS_TO"
"sub_0864","cls_0154","BELONGS_TO"
"sub_0866","cls_0004","BELONGS_TO"
"sub_0866","cls_0037","BELONGS_TO"
"sub_0866","cls_0069","BELONGS_TO"
"sub_0866","cls_0130","BELONGS_TO"
"sub_0867","cls_0089","BELONGS_TO"
"sub_0869","cls_0013","BELONGS_TO"
"sub_0869","cls_0015","BELONGS_TO"
"sub_0869","cls_0115","BELONGS_TO"
"sub_0869","cls_0126","BELONGS_TO"
"sub_0870","cls_0079","BELONGS_TO"
"sub_0872","cls_0163","BELONGS_TO"
"sub_0873","cls_0029","BELONGS_TO"
"sub_0874","cls_0087","BELONGS_TO"
"sub_0874","cls_0091","BELONGS_TO"
"sub_0874","cls_0092","BELONGS_TO"
"sub_0874","cls_0093","BELONGS_TO"
"sub_0875","cls_0089","BELONGS_TO"
"sub_0877","cls_0105","BELONGS_TO"
"sub_0878","cls_0089","BELONGS_TO"
"sub_0879","cls_0089","BELONGS_TO"
"sub_0880","cls_0095","BELONGS_TO"
"sub_0881","cls_0095","BELONGS_TO"
"sub_0882","cls_0033","BELONGS_TO"
"sub_0882","cls_0034","BELONGS_TO"
"sub_0882","cls_0119","BELONGS_TO"
"sub_0882","cls_0126","BELONGS_TO"
"sub_0884","cls_0130","BELONGS_TO"
"sub_0885","cls_0105","BELONGS_TO"
"sub_0886","cls_0126","BELONGS_TO"
"sub_0886","cls_0130","BELONGS_TO"
"sub_0886","cls_0133","BELONGS_TO"
"sub_0886","cls_0134","BELONGS_TO"
"sub_0887","cls_0104","BELONGS_TO"
"sub_0887","cls_0107","BELONGS_TO"
"sub_0888","cls_0030","BELONGS_TO"
"sub_0889","cls_0028","BELONGS_TO"
"sub_0889","cls_0155","BELONGS_TO"
"sub_0890","cls_0027","BELONGS_TO"
"sub_0890","cls_0049","BELONGS_TO"
"sub_0891","cls_0168","BELONGS_TO"
"sub_0891","cls_0169","BELONGS_TO"
"sub_0892","cls_0059","BELONGS_TO"
"sub_0892","cls_0060","BELONGS_TO"
"sub_0893","cls_0023","BELONGS_TO"
"sub_0893","cls_0087","BELONGS_TO"
"sub_0895","cls_0037","BELONGS_TO"
"sub_0895","cls_0069","BELONGS_TO"
"sub_0895","cls_0126","BELONGS_TO"
"sub_0895","cls_0130","BELONGS_TO"
"sub_0895","cls_0131","BELONGS_TO"
"sub_0896","cls_0098","BELONGS_TO"
"sub_0896","cls_0127","BELONGS_TO"
"sub_0896","cls_0154","BELONGS_TO"
"sub_0897","cls_0171","BELONGS_TO"
"sub_0898","cls_0037","BELONGS_TO"
"sub_0898","cls_0069","BELONGS_TO"
"sub_0898","cls_0130","BELONGS_TO"
"sub_0899","cls_0154","BELONGS_TO"
"sub_0900","cls_0113","BELONGS_TO"
"sub_0902","cls_0126","BELONGS_TO"
"sub_0903","cls_0105","BELONGS_TO"
"sub_0903","cls_0155","BELONGS_TO"
"sub_0905","cls_0132","BELONGS_TO"
"sub_0906","cls_0004","BELONGS_TO"
"sub_0907","cls_0050","BELONGS_TO"
"sub_0909","cls_0104","BELONGS_TO"
"sub_0910","cls_0030","BELONGS_TO"
"sub_0911","cls_0080","BELONGS_TO"
"sub_0911","cls_0132","BELONGS_TO"
"sub_0912","cls_0121","BELONGS_TO"
"sub_0913","cls_0019","BELONGS_TO"
"sub_0914","cls_0030","BELONGS_TO"
"sub_0915","cls_0004","BELONGS_TO"
"sub_0915","cls_0037","BELONGS_TO"
"sub_0915","cls_0069","BELONGS_TO"
"sub_0915","cls_0130","BELONGS_TO"
"sub_0917","cls_0105","BELONGS_TO"
"sub_0918","cls_0105","BELONGS_TO"
"sub_0919","cls_0089","BELONGS_TO"
"sub_0920","cls_0089","BELONGS_TO"
"sub_0921","cls_0090","BELONGS_TO"
"sub_0921","cls_0108","BELONGS_TO"
"sub_0921","cls_0120","BELONGS_TO"
"sub_0921","cls_0129","BELONGS_TO"
"sub_0922","cls_0150","BELONGS_TO"
"sub_0923","cls_0018","BELONGS_TO"
"sub_0924","cls_0102","BELONGS_TO"
"sub_0924","cls_0130","BELONGS_TO"
"sub_0925","cls_0086","BELONGS_TO"
"sub_0926","cls_0010","BELONGS_TO"
"sub_0926","cls_0130","BELONGS_TO"
"sub_0927","cls_0030","BELONGS_TO"
"sub_0928","cls_0098","BELONGS_TO"
"sub_0928","cls_0127","BELONGS_TO"
"sub_0928","cls_0155","BELONGS_TO"
"sub_0929","cls_0094","BELONGS_TO"
"sub_0929","cls_0132","BELONGS_TO"
"sub_0929","cls_0155","BELONGS_TO"
"sub_0930","cls_0080","BELONGS_TO"
"sub_0930","cls_0132","BELONGS_TO"
"sub_0931","cls_0006","BELONGS_TO"
"sub_0933","cls_0055","BELONGS_TO"
"sub_0934","cls_0055","BELONGS_TO"
"sub_0935","cls_0089","BELONGS_TO"
"sub_0936","cls_0123","BELONGS_TO"
"sub_0937","cls_0126","BELONGS_TO"
"sub_0938","cls_0089","BELONGS_TO"
"sub_0939","cls_0089","BELONGS_TO"
"sub_0941","cls_0040","BELONGS_TO"
"sub_0941","cls_0121","BELONGS_TO"
"sub_0942","cls_0105","BELONGS_TO"
"sub_0942","cls_0155","BELONGS_TO"
"sub_0944","cls_0025","BELONGS_TO"
"sub_0944","cls_0034","BELONGS_TO"
"sub_0944","cls_0049","BELONGS_TO"
"sub_0944","cls_0052","BELONGS_TO"
"sub_0944","cls_0054","BELONGS_TO"
"sub_0944","cls_0119","BELONGS_TO"
"sub_0944","cls_0153","BELONGS_TO"
"sub_0944","cls_0166","BELONGS_TO"
"sub_0945","cls_0095","BELONGS_TO"
"sub_0946","cls_0124","BELONGS_TO"
"sub_0947","cls_0030","BELONGS_TO"
"sub_0948","cls_0153","BELONGS_TO"
"sub_0948","cls_0166","BELONGS_TO"
"sub_0949","cls_0034","BELONGS_TO"
"sub_0949","cls_0064","BELONGS_TO"
"sub_0949","cls_0068","BELONGS_TO"
"sub_0949","cls_0087","BELONGS_TO"
"sub_0949","cls_0090","BELONGS_TO"
"sub_0949","cls_0119","BELONGS_TO"
"sub_0952","cls_0163","BELONGS_TO"
"sub_0953","cls_0012","BELONGS_TO"
"sub_0953","cls_0124","BELONGS_TO"
"sub_0953","cls_0125","BELONGS_TO"
"sub_0954","cls_0062","BELONGS_TO"
"sub_0954","cls_0124","BELONGS_TO"
"sub_0957","cls_0013","BELONGS_TO"
"sub_0957","cls_0015","BELONGS_TO"
"sub_0957","cls_0115","BELONGS_TO"
"sub_0957","cls_0126","BELONGS_TO"
"sub_0957","cls_0155","BELONGS_TO"
"sub_0958","cls_0123","BELONGS_TO"
"sub_0958","cls_0156","BELONGS_TO"
"sub_0959","cls_0123","BELONGS_TO"
"sub_0959","cls_0156","BELONGS_TO"
"sub_0960","cls_0123","BELONGS_TO"
"sub_0961","cls_0123","BELONGS_TO"
"sub_0962","cls_0123","BELONGS_TO"
"sub_0962","cls_0156","BELONGS_TO"
"sub_0963","cls_0123","BELONGS_TO"
"sub_0963","cls_0156","BELONGS_TO"
"sub_0963","cls_0158","BELONGS_TO"
"sub_0964","cls_0071","BELONGS_TO"
"sub_0966","cls_0023","BELONGS_TO"
"sub_0966","cls_0087","BELONGS_TO"
"sub_0967","cls_0126","BELONGS_TO"
"sub_0967","cls_0130","BELONGS_TO"
"sub_0967","cls_0133","BELONGS_TO"
"sub_0967","cls_0134","BELONGS_TO"
"sub_0967","cls_0136","BELONGS_TO"
"sub_0967","cls_0153","BELONGS_TO"
"sub_0967","cls_0154","BELONGS_TO"
"sub_0969","cls_0168","BELONGS_TO"
"sub_0969","cls_0169","BELONGS_TO"
"sub_0970","cls_0105","BELONGS_TO"
"sub_0970","cls_0155","BELONGS_TO"
"sub_0971","cls_0059","BELONGS_TO"
"sub_0972","cls_0159","BELONGS_TO"
"sub_0973","cls_0087","BELONGS_TO"
"sub_0973","cls_0094","BELONGS_TO"
"sub_0973","cls_0124","BELONGS_TO"
"sub_0973","cls_0155","BELONGS_TO"
"sub_0974","cls_0102","BELONGS_TO"
"sub_0974","cls_0130","BELONGS_TO"
"sub_0975","cls_0030","BELONGS_TO"
"sub_0978","cls_0010","BELONGS_TO"
"sub_0978","cls_0119","BELONGS_TO"
"sub_0978","cls_0130","BELONGS_TO"
"sub_0979","cls_0013","BELONGS_TO"
"sub_0979","cls_0014","BELONGS_TO"
"sub_0979","cls_0115","BELONGS_TO"
"sub_0979","cls_0120","BELONGS_TO"
"sub_0979","cls_0126","BELONGS_TO"
"sub_0980","cls_0142","BELONGS_TO"
"sub_0981","cls_0003","BELONGS_TO"
"sub_0982","cls_0062","BELONGS_TO"
"sub_0982","cls_0077","BELONGS_TO"
"sub_0983","cls_0124","BELONGS_TO"
"sub_0983","cls_0125","BELONGS_TO"
"sub_0985","cls_0107","BELONGS_TO"
"sub_0985","cls_0113","BELONGS_TO"
"sub_0986","cls_0021","BELONGS_TO"
"sub_0986","cls_0034","BELONGS_TO"
"sub_0986","cls_0087","BELONGS_TO"
"sub_0986","cls_0119","BELONGS_TO"
"sub_0986","cls_0132","BELONGS_TO"
"sub_0987","cls_0148","BELONGS_TO"
"sub_0988","cls_0062","BELONGS_TO"
"sub_0989","cls_0094","BELONGS_TO"
"sub_0989","cls_0132","BELONGS_TO"
"sub_0989","cls_0155","BELONGS_TO"
"sub_0990","cls_0163","BELONGS_TO"
"sub_0993","cls_0124","BELONGS_TO"
"sub_0994","cls_0019","BELONGS_TO"
"sub_0995","cls_0023","BELONGS_TO"
"sub_0995","cls_0087","BELONGS_TO"
"sub_0996","cls_0010","BELONGS_TO"
"sub_0996","cls_0119","BELONGS_TO"
"sub_0996","cls_0130","BELONGS_TO"
"sub_0998","cls_0050","BELONGS_TO"
"sub_0999","cls_0154","BELONGS_TO"
"sub_1000","cls_0120","BELONGS_TO"
"sub_1001","cls_0120","BELONGS_TO"
"sub_1002","cls_0120","BELONGS_TO"
"sub_1003","cls_0034","BELONGS_TO"
"sub_1003","cls_0049","BELONGS_TO"
"sub_1003","cls_0051","BELONGS_TO"
"sub_1003","cls_0052","BELONGS_TO"
"sub_1003","cls_0054","BELONGS_TO"
"sub_1003","cls_0119","BELONGS_TO"
"sub_1004","cls_0017","BELONGS_TO"
"sub_1005","cls_0126","BELONGS_TO"
"sub_1006","cls_0056","BELONGS_TO"
"sub_1006","cls_0082","BELONGS_TO"
"sub_1006","cls_0089","BELONGS_TO"
"sub_1007","cls_0061","BELONGS_TO"
"sub_1007","cls_0154","BELONGS_TO"
"sub_1008","cls_0047","BELONGS_TO"
"sub_1009","cls_0159","BELONGS_TO"
"sub_1010","cls_0110","BELONGS_TO"
"sub_1011","cls_0030","BELONGS_TO"
"sub_1012","cls_0049","BELONGS_TO"
"sub_1012","cls_0126","BELONGS_TO"
"sub_1013","cls_0161","BELONGS_TO"
"sub_1014","cls_0131","BELONGS_TO"
"sub_1014","cls_0164","BELONGS_TO"
"sub_1015","cls_0039","BELONGS_TO"
"sub_1016","cls_0046","BELONGS_TO"
"sub_1017","cls_0062","BELONGS_TO"
"sub_1018","cls_0120","BELONGS_TO"
"sub_1019","cls_0085","BELONGS_TO"
"sub_1019","cls_0154","BELONGS_TO"
"sub_1021","cls_0029","BELONGS_TO"
"sub_1023","cls_0126","BELONGS_TO"
"sub_1023","cls_0130","BELONGS_TO"
"sub_1023","cls_0133","BELONGS_TO"
"sub_1023","cls_0134","BELONGS_TO"
"sub_1023","cls_0136","BELONGS_TO"
"sub_1023","cls_0153","BELONGS_TO"
"sub_1025","cls_0024","BELONGS_TO"
"sub_1025","cls_0155","BELONGS_TO"
"sub_1026","cls_0148","BELONGS_TO"
"sub_1026","cls_0149","BELONGS_TO"
"sub_1027","cls_0024","BELONGS_TO"
"sub_1028","cls_0061","BELONGS_TO"
"sub_1028","cls_0154","BELONGS_TO"
"sub_1029","cls_0034","BELONGS_TO"
"sub_1029","cls_0049","BELONGS_TO"
"sub_1029","cls_0051","BELONGS_TO"
"sub_1029","cls_0052","BELONGS_TO"
"sub_1029","cls_0054","BELONGS_TO"
"sub_1029","cls_0119","BELONGS_TO"
"sub_1030","cls_0019","BELONGS_TO"
"sub_1031","cls_0087","BELONGS_TO"
"sub_1031","cls_0091","BELONGS_TO"
"sub_1031","cls_0092","BELONGS_TO"
"sub_1031","cls_0093","BELONGS_TO"
"sub_1032","cls_0062","BELONGS_TO"
"sub_1033","cls_0104","BELONGS_TO"
"sub_1034","cls_0085","BELONGS_TO"
"sub_1034","cls_0154","BELONGS_TO"
"sub_1035","cls_0024","BELONGS_TO"
"sub_1036","cls_0012","BELONGS_TO"
"sub_1036","cls_0124","BELONGS_TO"
"sub_1036","cls_0125","BELONGS_TO"
"sub_1037","cls_0030","BELONGS_TO"
"sub_1038","cls_0037","BELONGS_TO"
"sub_1038","cls_0069","BELONGS_TO"
"sub_1038","cls_0101","BELONGS_TO"
"sub_1038","cls_0130","BELONGS_TO"
"sub_1039","cls_0040","BELONGS_TO"
"sub_1039","cls_0121","BELONGS_TO"
"sub_1041","cls_0029","BELONGS_TO"
"sub_1042","cls_0062","BELONGS_TO"
"sub_1043","cls_0153","BELONGS_TO"
"sub_1043","cls_0166","BELONGS_TO"
"sub_1045","cls_0030","BELONGS_TO"
"sub_1046","cls_0013","BELONGS_TO"
"sub_1046","cls_0014","BELONGS_TO"
"sub_1046","cls_0115","BELONGS_TO"
"sub_1046","cls_0120","BELONGS_TO"
"sub_1046","cls_0126","BELONGS_TO"
"sub_1046","cls_0129","BELONGS_TO"
"sub_1047","cls_0034","BELONGS_TO"
"sub_1047","cls_0087","BELONGS_TO"
"sub_1047","cls_0099","BELONGS_TO"
"sub_1047","cls_0119","BELONGS_TO"
"sub_1047","cls_0132","BELONGS_TO"
"sub_1049","cls_0024","BELONGS_TO"
"sub_1050","cls_0151","BELONGS_TO"
"sub_1051","cls_0056","BELONGS_TO"
"sub_1051","cls_0057","BELONGS_TO"
"sub_1051","cls_0058","BELONGS_TO"
"sub_1051","cls_0082","BELONGS_TO"
"sub_1051","cls_0083","BELONGS_TO"
"sub_1051","cls_0089","BELONGS_TO"
"sub_1051","cls_0154","BELONGS_TO"
"sub_1052","cls_0034","BELONGS_TO"
"sub_1052","cls_0064","BELONGS_TO"
"sub_1052","cls_0068","BELONGS_TO"
"sub_1052","cls_0087","BELONGS_TO"
"sub_1052","cls_0090","BELONGS_TO"
"sub_1052","cls_0119","BELONGS_TO"
"sub_1055","cls_0036","BELONGS_TO"
"sub_1055","cls_0121","BELONGS_TO"
"sub_1056","cls_0087","BELONGS_TO"
"sub_1056","cls_0158","BELONGS_TO"
"sub_1057","cls_0031","BELONGS_TO"
"sub_1057","cls_0120","BELONGS_TO"
"sub_1057","cls_0121","BELONGS_TO"
"sub_1057","cls_0126","BELONGS_TO"
"sub_1057","cls_0129","BELONGS_TO"
"sub_1057","cls_0130","BELONGS_TO"
"sub_1058","cls_0072","BELONGS_TO"
"sub_1058","cls_0130","BELONGS_TO"
"sub_1059","cls_0121","BELONGS_TO"
"sub_1059","cls_0126","BELONGS_TO"
"sub_1060","cls_0128","BELONGS_TO"
"sub_1061","cls_0006","BELONGS_TO"
"sub_1062","cls_0036","BELONGS_TO"
"sub_1062","cls_0121","BELONGS_TO"
"sub_1063","cls_0121","BELONGS_TO"
"sub_1064","cls_0121","BELONGS_TO"
"sub_1065","cls_0129","BELONGS_TO"
"sub_1066","cls_0159","BELONGS_TO"
"sub_1067","cls_0105","BELONGS_TO"
"sub_1067","cls_0107","BELONGS_TO"
"sub_1068","cls_0154","BELONGS_TO"
"sub_1069","cls_0121","BELONGS_TO"
"sub_1070","cls_0105","BELONGS_TO"
"sub_1071","cls_0032","BELONGS_TO"
"sub_1071","cls_0119","BELONGS_TO"
"sub_1072","cls_0163","BELONGS_TO"
"sub_1073","cls_0030","BELONGS_TO"
"sub_1074","cls_0124","BELONGS_TO"
"sub_1075","cls_0124","BELONGS_TO"
"sub_1076","cls_0029","BELONGS_TO"
"sub_1076","cls_0172","BELONGS_TO"
"sub_1077","cls_0021","BELONGS_TO"
"sub_1077","cls_0034","BELONGS_TO"
"sub_1077","cls_0087","BELONGS_TO"
"sub_1077","cls_0119","BELONGS_TO"
"sub_1077","cls_0132","BELONGS_TO"
"sub_1078","cls_0124","BELONGS_TO"
"sub_1078","cls_0125","BELONGS_TO"
"sub_1079","cls_0105","BELONGS_TO"
"sub_1079","cls_0153","BELONGS_TO"
"sub_1079","cls_0155","BELONGS_TO"
"sub_1079","cls_0166","BELONGS_TO"
"sub_1080","cls_0102","BELONGS_TO"
"sub_1080","cls_0130","BELONGS_TO"
"sub_1081","cls_0059","BELONGS_TO"
"sub_1081","cls_0060","BELONGS_TO"
"sub_1082","cls_0030","BELONGS_TO"
"sub_1086","cls_0122","BELONGS_TO"
"sub_1086","cls_0129","BELONGS_TO"
"sub_1087","cls_0020","BELONGS_TO"
"sub_1087","cls_0025","BELONGS_TO"
"sub_1087","cls_0034","BELONGS_TO"
"sub_1087","cls_0049","BELONGS_TO"
"sub_1087","cls_0119","BELONGS_TO"
"sub_1089","cls_0050","BELONGS_TO"
"sub_1090","cls_0080","BELONGS_TO"
"sub_1090","cls_0132","BELONGS_TO"
"sub_1091","cls_0062","BELONGS_TO"
"sub_1091","cls_0125","BELONGS_TO"
"sub_1091","cls_0155","BELONGS_TO"
"sub_1091","cls_0173","BELONGS_TO"
"sub_1092","cls_0153","BELONGS_TO"
"sub_1092","cls_0166","BELONGS_TO"
"sub_1093","cls_0062","BELONGS_TO"
"sub_1093","cls_0125","BELONGS_TO"
"sub_1093","cls_0155","BELONGS_TO"
"sub_1093","cls_0173","BELONGS_TO"
"sub_1094","cls_0062","BELONGS_TO"
"sub_1094","cls_0125","BELONGS_TO"
"sub_1094","cls_0155","BELONGS_TO"
"sub_1094","cls_0173","BELONGS_TO"
"sub_1095","cls_0062","BELONGS_TO"
"sub_1095","cls_0125","BELONGS_TO"
"sub_1095","cls_0155","BELONGS_TO"
"sub_1095","cls_0173","BELONGS_TO"
"sub_1096","cls_0062","BELONGS_TO"
"sub_1096","cls_0125","BELONGS_TO"
"sub_1096","cls_0155","BELONGS_TO"
"sub_1096","cls_0173","BELONGS_TO"
"sub_1097","cls_0171","BELONGS_TO"
"sub_1098","cls_0171","BELONGS_TO"
"sub_1099","cls_0171","BELONGS_TO"
"sub_1100","cls_0171","BELONGS_TO"
"sub_1101","cls_0171","BELONGS_TO"
"sub_1102","cls_0171","BELONGS_TO"
"sub_1105","cls_0107","BELONGS_TO"
"sub_1106","cls_0108","BELONGS_TO"
"sub_1106","cls_0120","BELONGS_TO"
"sub_1106","cls_0130","BELONGS_TO"
"sub_1108","cls_0028","BELONGS_TO"
"sub_1108","cls_0045","BELONGS_TO"
"sub_1110","cls_0105","BELONGS_TO"
"sub_1111","cls_0126","BELONGS_TO"
"sub_1114","cls_0034","BELONGS_TO"
"sub_1114","cls_0087","BELONGS_TO"
"sub_1114","cls_0099","BELONGS_TO"
"sub_1114","cls_0119","BELONGS_TO"
"sub_1114","cls_0132","BELONGS_TO"
"sub_1115","cls_0168","BELONGS_TO"
"sub_1115","cls_0169","BELONGS_TO"
"sub_1116","cls_0047","BELONGS_TO"
"sub_1116","cls_0088","BELONGS_TO"
"sub_1116","cls_0126","BELONGS_TO"
"sub_1117","cls_0029","BELONGS_TO"
"sub_1118","cls_0047","BELONGS_TO"
"sub_1118","cls_0088","BELONGS_TO"
"sub_1118","cls_0126","BELONGS_TO"
"sub_1119","cls_0121","BELONGS_TO"
"sub_1119","cls_0126","BELONGS_TO"
"sub_1119","cls_0130","BELONGS_TO"
"sub_1119","cls_0133","BELONGS_TO"
"sub_1119","cls_0134","BELONGS_TO"
"sub_1119","cls_0136","BELONGS_TO"
"sub_1119","cls_0153","BELONGS_TO"
