"substanceId:ID(Substance)","name","has_own_interactions:boolean",":LABEL"
"sub_0001","abatacept","true","Substance"
"sub_0002","abciximab (c 7e3b fab)","false","Substance"
"sub_0003","abémaciclib","false","Substance"
"sub_0004","abiraterone","true","Substance"
"sub_0005","abrocitinib","true","Substance"
"sub_0006","acalabrutinib","false","Substance"
"sub_0007","acebutolol","false","Substance"
"sub_0008","aceclofenac","false","Substance"
"sub_0009","acenocoumarol","false","Substance"
"sub_0010","acetazolamide","true","Substance"
"sub_0011","acetylsulfafurazol","false","Substance"
"sub_0012","aciclovir","false","Substance"
"sub_0013","acide acetohydroxamique","true","Substance"
"sub_0014","acide acetylsalicylique","true","Substance"
"sub_0015","acide alendronique","false","Substance"
"sub_0016","acide amidotrizoïque","false","Substance"
"sub_0017","acide ascorbique","true","Substance"
"sub_0018","acide cholique","true","Substance"
"sub_0019","acide clodronique","true","Substance"
"sub_0020","acide etidronique","false","Substance"
"sub_0021","acide folinique","true","Substance"
"sub_0022","acide folique","false","Substance"
"sub_0023","acide fusidique","true","Substance"
"sub_0024","acide ibandronique","false","Substance"
"sub_0025","acide ioxaglique","false","Substance"
"sub_0026","acide ioxitalamique","false","Substance"
"sub_0027","acide mefenamique","false","Substance"
"sub_0028","acide nicotinique","true","Substance"
"sub_0029","acide niflumique","false","Substance"
"sub_0030","acide oxidronique","false","Substance"
"sub_0031","acide pamidronique","false","Substance"
"sub_0032","acide risedronique","false","Substance"
"sub_0033","acide tiaprofenique","false","Substance"
"sub_0034","acide tiludronique","false","Substance"
"sub_0035","acide ursodesoxycholique","true","Substance"
"sub_0036","acide valproique","false","Substance"
"sub_0037","acide zoledronique","false","Substance"
"sub_0038","acitretine","true","Substance"
"sub_0039","adalimumab","false","Substance"
"sub_0040","adefovir","false","Substance"
"sub_0041","adrenaline","false","Substance"
"sub_0042","afatinib","true","Substance"
"sub_0043","agomelatine","true","Substance"
"sub_0044","albendazole","true","Substance"
"sub_0045","aldesleukine","true","Substance"
"sub_0046","alemtuzumab","false","Substance"
"sub_0047","alfacalcidol","false","Substance"
"sub_0048","alfentanil","true","Substance"
"sub_0049","alfuzosine","true","Substance"
"sub_0050","alimemazine","false","Substance"
"sub_0051","alitretinoine","false","Substance"
"sub_0052","alizapride","false","Substance"
"sub_0053","allopurinol","true","Substance"
"sub_0054","alminoprofene","false","Substance"
"sub_0055","almotriptan","false","Substance"
"sub_0056","alprazolam","true","Substance"
"sub_0057","alteplase recombinante","false","Substance"
"sub_0058","altizide","false","Substance"
"sub_0059","altretamine","false","Substance"
"sub_0060","amantadine","false","Substance"
"sub_0061","ambenonium","false","Substance"
"sub_0062","ambrisentan","true","Substance"
"sub_0063","amifostine","false","Substance"
"sub_0064","amikacine","false","Substance"
"sub_0065","amiloride","false","Substance"
"sub_0066","aminophylline","false","Substance"
"sub_0067","amiodarone","true","Substance"
"sub_0068","amisulpride","false","Substance"
"sub_0069","amitriptyline","false","Substance"
"sub_0070","amivantamab","false","Substance"
"sub_0071","amlodipine","true","Substance"
"sub_0072","amoxapine","false","Substance"
"sub_0073","amoxicilline","false","Substance"
"sub_0074","amphotericine b","true","Substance"
"sub_0075","ampicilline","false","Substance"
"sub_0076","amsacrine","false","Substance"
"sub_0077","anagrelide","true","Substance"
"sub_0078","anakinra","true","Substance"
"sub_0079","androstanolone","false","Substance"
"sub_0080","anifrolumab","false","Substance"
"sub_0081","apalutamide","true","Substance"
"sub_0082","apixaban","true","Substance"
"sub_0083","apomorphine","true","Substance"
"sub_0084","aprémilast","true","Substance"
"sub_0085","aprepitant","true","Substance"
"sub_0086","argatroban","false","Substance"
"sub_0087","argipressine","false","Substance"
"sub_0088","aripiprazole","true","Substance"
"sub_0089","arsenieux","true","Substance"
"sub_0090","asenapine","false","Substance"
"sub_0091","asparaginase","false","Substance"
"sub_0092","ataluren","true","Substance"
"sub_0093","atazanavir","true","Substance"
"sub_0094","atenolol","false","Substance"
"sub_0095","atezolizumab","false","Substance"
"sub_0096","atorvastatine","true","Substance"
"sub_0097","atovaquone","true","Substance"
"sub_0098","atracurium","false","Substance"
"sub_0099","atropine","false","Substance"
"sub_0100","avanafil","true","Substance"
"sub_0101","avizafone","false","Substance"
"sub_0102","axitinib","false","Substance"
"sub_0103","azacitidine","false","Substance"
"sub_0104","azathioprine","false","Substance"
"sub_0105","azelastine","false","Substance"
"sub_0106","azilsartan","false","Substance"
"sub_0107","azithromycine","true","Substance"
"sub_0108","aztreonam","true","Substance"
"sub_0109","baclofene","true","Substance"
"sub_0110","bambuterol","false","Substance"
"sub_0111","bazédoxifène","true","Substance"
"sub_0112","bcg","false","Substance"
"sub_0113","bédaquiline","true","Substance"
"sub_0114","bélatacept","true","Substance"
"sub_0115","bélimumab","false","Substance"
"sub_0116","benazepril","false","Substance"
"sub_0117","bendamustine","false","Substance"
"sub_0118","bendroflumethiazide","false","Substance"
"sub_0119","benethamine-penicilline","false","Substance"
"sub_0120","benzalkonium","false","Substance"
"sub_0121","benzocaïne","false","Substance"
"sub_0122","benzylpenicilline","false","Substance"
"sub_0123","betamethasone","false","Substance"
"sub_0124","betaxolol","false","Substance"
"sub_0125","bezafibrate","false","Substance"
"sub_0126","bicalutamide","false","Substance"
"sub_0127","bictégravir","true","Substance"
"sub_0128","bimékizumab","false","Substance"
"sub_0129","biperidene","false","Substance"
"sub_0130","bisacodyl","false","Substance"
"sub_0131","bisoprolol","false","Substance"
"sub_0132","bivalirudine","false","Substance"
"sub_0133","bleomycine","true","Substance"
"sub_0134","bleu de methylene","false","Substance"
"sub_0135","blinatumomab","false","Substance"
"sub_0136","boldo","false","Substance"
"sub_0137","bortezomib","true","Substance"
"sub_0138","bosentan","true","Substance"
"sub_0139","bosutinib","false","Substance"
"sub_0140","botulique (toxine)","true","Substance"
"sub_0141","bourdaine","false","Substance"
"sub_0142","brentuximab","true","Substance"
"sub_0143","brigatinib","false","Substance"
"sub_0144","bromazepam","false","Substance"
"sub_0145","bromocriptine","false","Substance"
"sub_0146","brompheniramine","false","Substance"
"sub_0147","budesonide","false","Substance"
"sub_0148","bumetanide","false","Substance"
"sub_0149","buprenorphine","true","Substance"
"sub_0150","bupropion","true","Substance"
"sub_0151","buspirone","true","Substance"
"sub_0152","busulfan","true","Substance"
"sub_0153","cabazitaxel","true","Substance"
"sub_0154","cabergoline","false","Substance"
"sub_0155","cabotegravir","true","Substance"
"sub_0156","cabozantinib","false","Substance"
"sub_0157","cafedrine","false","Substance"
"sub_0158","cafeine","true","Substance"
"sub_0159","calcitonine","true","Substance"
"sub_0160","calcitriol","false","Substance"
"sub_0161","calcium","true","Substance"
"sub_0162","camphre","false","Substance"
"sub_0163","canakinumab","true","Substance"
"sub_0164","candesartan cilexetil","false","Substance"
"sub_0165","cangrélor","false","Substance"
"sub_0166","cannabidiol","true","Substance"
"sub_0167","canrenoate de potassium","false","Substance"
"sub_0168","capecitabine","false","Substance"
"sub_0169","caplacizumab","false","Substance"
"sub_0170","captodiame","false","Substance"
"sub_0171","captopril","false","Substance"
"sub_0172","carbamazepine","true","Substance"
"sub_0173","carboplatine","false","Substance"
"sub_0174","carmustine","true","Substance"
"sub_0175","carpipramine","false","Substance"
"sub_0176","carteolol","false","Substance"
"sub_0177","carvedilol","true","Substance"
"sub_0178","cascara","false","Substance"
"sub_0179","cascara sagrada","false","Substance"
"sub_0180","caspofungine","true","Substance"
"sub_0181","cefalotine","true","Substance"
"sub_0182","cefamandole","true","Substance"
"sub_0183","cefazoline","true","Substance"
"sub_0184","ceftriaxone","true","Substance"
"sub_0185","celecoxib","false","Substance"
"sub_0186","celiprolol","false","Substance"
"sub_0187","cénobamate","false","Substance"
"sub_0188","céritinib","false","Substance"
"sub_0189","certolizumab","false","Substance"
"sub_0190","cetalkonium","false","Substance"
"sub_0191","cétuximab","false","Substance"
"sub_0192","charbon active","false","Substance"
"sub_0193","charbon vegetal officinal","false","Substance"
"sub_0194","chlorambucil","false","Substance"
"sub_0195","chlordiazepoxide","true","Substance"
"sub_0196","chlormadinone","false","Substance"
"sub_0197","chloroquine","true","Substance"
"sub_0198","chlorphenamine","false","Substance"
"sub_0199","chlorpromazine","true","Substance"
"sub_0200","chlortalidone","false","Substance"
"sub_0201","chlortetracycline","false","Substance"
"sub_0202","cholecalciferol","false","Substance"
"sub_0203","cibenzoline","false","Substance"
"sub_0204","ciclesonide","false","Substance"
"sub_0205","cicletanine","false","Substance"
"sub_0206","ciclosporine","true","Substance"
"sub_0207","cilazapril","false","Substance"
"sub_0208","cimetidine","true","Substance"
"sub_0209","cinacalcet","true","Substance"
"sub_0210","cineole","false","Substance"
"sub_0211","ciprofibrate","false","Substance"
"sub_0212","ciprofloxacine","true","Substance"
"sub_0213","cisatracurium","false","Substance"
"sub_0214","cisplatine","false","Substance"
"sub_0215","citalopram","false","Substance"
"sub_0216","citrate de gallium [67ga]","false","Substance"
"sub_0217","cladribine","true","Substance"
"sub_0218","clarithromycine","true","Substance"
"sub_0219","clévidipine","false","Substance"
"sub_0220","clidinium","false","Substance"
"sub_0221","clindamycine","true","Substance"
"sub_0222","clobazam","true","Substance"
"sub_0223","clofarabine","false","Substance"
"sub_0224","clomipramine","true","Substance"
"sub_0225","clonazepam","true","Substance"
"sub_0226","clonidine","false","Substance"
"sub_0227","clopamide","false","Substance"
"sub_0228","clopidogrel","true","Substance"
"sub_0229","clorazepate","false","Substance"
"sub_0230","clotiazepam","false","Substance"
"sub_0231","cloxacilline","false","Substance"
"sub_0232","clozapine","true","Substance"
"sub_0233","cobicistat","true","Substance"
"sub_0234","cobimétinib","true","Substance"
"sub_0235","cocaine","true","Substance"
"sub_0236","codeine","true","Substance"
"sub_0237","colchicine","true","Substance"
"sub_0238","colesevelam","false","Substance"
"sub_0239","colestyramine","false","Substance"
"sub_0240","colistine","true","Substance"
"sub_0241","cortisone","false","Substance"
"sub_0242","cortivazol","false","Substance"
"sub_0243","crizotinib","true","Substance"
"sub_0244","crospovidone","false","Substance"
"sub_0245","cyamemazine","false","Substance"
"sub_0246","cyanocobalamine","true","Substance"
"sub_0247","cyclopentolate","false","Substance"
"sub_0248","cyclophosphamide","true","Substance"
"sub_0249","cyclothiazide","false","Substance"
"sub_0250","cyproheptadine","true","Substance"
"sub_0251","cyproterone","true","Substance"
"sub_0252","cytarabine","false","Substance"
"sub_0253","dabigatran","true","Substance"
"sub_0254","dabrafénib","false","Substance"
"sub_0255","dacarbazine","true","Substance"
"sub_0256","dactinomycine","false","Substance"
"sub_0257","dalfopristine","true","Substance"
"sub_0258","dalteparine sodique","false","Substance"
"sub_0259","danaparoide sodique","false","Substance"
"sub_0260","danazol","true","Substance"
"sub_0261","dantrolene","true","Substance"
"sub_0262","dapoxétine","true","Substance"
"sub_0263","dapsone","true","Substance"
"sub_0264","daptomycine","true","Substance"
"sub_0265","daratumumab","false","Substance"
"sub_0266","darifenacine","true","Substance"
"sub_0267","darolutamide","true","Substance"
"sub_0268","darunavir","true","Substance"
"sub_0269","dasabuvir","true","Substance"
"sub_0270","dasatinib","false","Substance"
"sub_0271","daunorubicine","false","Substance"
"sub_0272","décitabine","false","Substance"
"sub_0273","deferasirox","true","Substance"
"sub_0274","défériprone","true","Substance"
"sub_0275","déféroxamine","true","Substance"
"sub_0276","défibrotide","true","Substance"
"sub_0277","dégarélix","false","Substance"
"sub_0278","délafloxacine","false","Substance"
"sub_0279","délamanid","true","Substance"
"sub_0280","demeclocycline","false","Substance"
"sub_0281","déméclocycline","false","Substance"
"sub_0282","dénosumab","false","Substance"
"sub_0283","desflurane","false","Substance"
"sub_0284","desipramine","true","Substance"
"sub_0285","desmopressine","false","Substance"
"sub_0286","desogestrel","false","Substance"
"sub_0287","desoxycortone","false","Substance"
"sub_0288","dexamethasone","true","Substance"
"sub_0289","dexchlorpheniramine","false","Substance"
"sub_0290","dexketoprofene trometamol","false","Substance"
"sub_0291","dexmédétomidine","false","Substance"
"sub_0292","dexrazoxane","false","Substance"
"sub_0293","dextran","true","Substance"
"sub_0294","dextromethorphane","true","Substance"
"sub_0295","di(acefylline) diphenhydramine","false","Substance"
"sub_0296","diazepam","true","Substance"
"sub_0297","dicitrate trimagnesien","false","Substance"
"sub_0298","diclofenac","false","Substance"
"sub_0299","didanosine","true","Substance"
"sub_0300","dienogest","false","Substance"
"sub_0301","diethylstilbestrol","false","Substance"
"sub_0302","digoxine","true","Substance"
"sub_0303","dihydralazine","false","Substance"
"sub_0304","dihydrocodeine","false","Substance"
"sub_0305","dihydroergotamine","true","Substance"
"sub_0306","diltiazem","true","Substance"
"sub_0307","dimenhydrinate","false","Substance"
"sub_0308","diméthyle ( fumarate de)","true","Substance"
"sub_0309","dinitrate d'isosorbide","false","Substance"
"sub_0310","diosmectite","false","Substance"
"sub_0311","diphenhydramine","false","Substance"
"sub_0312","diprophylline","true","Substance"
"sub_0313","dipyridamole","true","Substance"
"sub_0314","disopyramide","true","Substance"
"sub_0315","disulfirame","true","Substance"
"sub_0316","docetaxel","true","Substance"
"sub_0317","dolutégravir","true","Substance"
"sub_0318","domperidone","true","Substance"
"sub_0319","donepezil","false","Substance"
"sub_0320","dopamine","false","Substance"
"sub_0321","dosulepine","false","Substance"
"sub_0322","doxazosine","false","Substance"
"sub_0323","doxepine","false","Substance"
"sub_0324","doxorubicine","true","Substance"
"sub_0325","doxycycline","true","Substance"
"sub_0326","doxylamine","false","Substance"
"sub_0327","dronedarone","true","Substance"
"sub_0328","droperidol","false","Substance"
"sub_0329","drospirenone","false","Substance"
"sub_0330","duloxetine","true","Substance"
"sub_0331","durvalumab","false","Substance"
"sub_0332","dutasteride","false","Substance"
"sub_0333","dydrogesterone","false","Substance"
"sub_0334","econazole","true","Substance"
"sub_0335","édoxaban","true","Substance"
"sub_0336","efavirenz","true","Substance"
"sub_0337","elbasvir","false","Substance"
"sub_0338","eletriptan","false","Substance"
"sub_0339","élexacaftor","false","Substance"
"sub_0340","éliglustat","true","Substance"
"sub_0341","eltrombopag","true","Substance"
"sub_0342","elvitégravir","true","Substance"
"sub_0343","enalapril","false","Substance"
"sub_0344","enoxacine","true","Substance"
"sub_0345","enoxaparine","false","Substance"
"sub_0346","entacapone","true","Substance"
"sub_0347","entrectinib","false","Substance"
"sub_0348","enzalutamide","true","Substance"
"sub_0349","ephedrine","false","Substance"
"sub_0350","epirubicine","false","Substance"
"sub_0351","eplerenone","true","Substance"
"sub_0352","epoprostenol","false","Substance"
"sub_0353","eprosartan","false","Substance"
"sub_0354","eptifibatide","false","Substance"
"sub_0355","ergocalciferol","false","Substance"
"sub_0356","ergotamine","true","Substance"
"sub_0357","éribuline","false","Substance"
"sub_0358","erlotinib","false","Substance"
"sub_0359","ertapenem","false","Substance"
"sub_0360","erythromycine","true","Substance"
"sub_0361","escitalopram","true","Substance"
"sub_0362","eskétamine","false","Substance"
"sub_0363","eslicarbazépine","false","Substance"
"sub_0364","esmolol","true","Substance"
"sub_0365","esomeprazole","true","Substance"
"sub_0366","estazolam","false","Substance"
"sub_0367","estétrol","false","Substance"
"sub_0368","estradiol","false","Substance"
"sub_0369","estramustine","true","Substance"
"sub_0370","estriol","false","Substance"
"sub_0371","estrogènes conjugués","false","Substance"
"sub_0372","estrone","false","Substance"
"sub_0373","eszopiclone","true","Substance"
"sub_0374","etanercept","true","Substance"
"sub_0375","ételcalcétide","true","Substance"
"sub_0376","ethambutol","false","Substance"
"sub_0377","ethinylestradiol","true","Substance"
"sub_0378","ethosuximide","true","Substance"
"sub_0379","ethylmorphine","false","Substance"
"sub_0380","etifoxine","false","Substance"
"sub_0381","etilefrine","false","Substance"
"sub_0382","etodolac","false","Substance"
"sub_0383","etonogestrel","false","Substance"
"sub_0384","etoposide","true","Substance"
"sub_0385","étoricoxib","false","Substance"
"sub_0386","etravirine","true","Substance"
"sub_0387","eucalyptus","false","Substance"
"sub_0388","eugenol","false","Substance"
"sub_0389","everolimus","true","Substance"
"sub_0390","évérolimus","false","Substance"
"sub_0391","exemestane","true","Substance"
"sub_0392","ezetimibe","true","Substance"
"sub_0393","famotidine","false","Substance"
"sub_0394","fampridine","false","Substance"
"sub_0395","febuxostat","false","Substance"
"sub_0396","fédratinib","false","Substance"
"sub_0397","felbamate","true","Substance"
"sub_0398","felodipine","false","Substance"
"sub_0399","fenofibrate","true","Substance"
"sub_0400","fenoprofene","false","Substance"
"sub_0401","fenspiride","false","Substance"
"sub_0402","fentanyl","true","Substance"
"sub_0403","fer","true","Substance"
"sub_0404","fesoterodine","false","Substance"
"sub_0405","fexofenadine","true","Substance"
"sub_0406","fidaxomicine","true","Substance"
"sub_0407","finasteride","false","Substance"
"sub_0408","fingolimod","true","Substance"
"sub_0409","flavoxate","false","Substance"
"sub_0410","flecainide","false","Substance"
"sub_0411","flucloxacilline","true","Substance"
"sub_0412","fluconazole","true","Substance"
"sub_0413","flucytosine","true","Substance"
"sub_0414","fludarabine","true","Substance"
"sub_0415","fludrocortisone","false","Substance"
"sub_0416","fluindione","false","Substance"
"sub_0417","flunarizine","false","Substance"
"sub_0418","flunitrazepam","false","Substance"
"sub_0419","fluor","false","Substance"
"sub_0420","fluorouracile","false","Substance"
"sub_0421","fluoxetine","true","Substance"
"sub_0422","flupentixol","false","Substance"
"sub_0423","fluphenazine","false","Substance"
"sub_0424","flurazepam","false","Substance"
"sub_0425","flurbiprofene","false","Substance"
"sub_0426","flutamide","false","Substance"
"sub_0427","fluticasone","false","Substance"
"sub_0428","fluvastatine","true","Substance"
"sub_0429","fluvoxamine","true","Substance"
"sub_0430","fondaparinux","false","Substance"
"sub_0431","fosamprenavir","true","Substance"
"sub_0432","foscarnet","true","Substance"
"sub_0433","fosinopril","false","Substance"
"sub_0434","fosphenytoine","false","Substance"
"sub_0435","fostamatinib","true","Substance"
"sub_0436","fostemsavir","true","Substance"
"sub_0437","fotemustine","true","Substance"
"sub_0438","frovatriptan","false","Substance"
"sub_0439","furosemide","true","Substance"
"sub_0440","gabapentine","false","Substance"
"sub_0441","galantamine","false","Substance"
"sub_0442","ganciclovir","true","Substance"
"sub_0443","gefitinib","false","Substance"
"sub_0444","gel d'hydroxyde d'aluminium et de carbonate de magnesium","false","Substance"
"sub_0445","gemcitabine","false","Substance"
"sub_0446","gemfibrozil","true","Substance"
"sub_0447","gentamicine","false","Substance"
"sub_0448","giltéritinib","true","Substance"
"sub_0449","giméracil","false","Substance"
"sub_0450","ginkgo","true","Substance"
"sub_0451","givosiran","true","Substance"
"sub_0452","glasdégib","true","Substance"
"sub_0453","Glécaprévir","false","Substance"
"sub_0454","glibenclamide","true","Substance"
"sub_0455","gliclazide","false","Substance"
"sub_0456","glimepiride","true","Substance"
"sub_0457","glipizide","true","Substance"
"sub_0458","glucosamine","true","Substance"
"sub_0459","glycerol","true","Substance"
"sub_0460","glycopyrronium","false","Substance"
"sub_0461","golimumab","false","Substance"
"sub_0462","gosereline","false","Substance"
"sub_0463","granisetron","false","Substance"
"sub_0464","grazoprevir","false","Substance"
"sub_0465","griseofulvine","true","Substance"
"sub_0466","guanethidine","true","Substance"
"sub_0467","guanfacine","false","Substance"
"sub_0468","guselkumab","false","Substance"
"sub_0469","halofantrine","true","Substance"
"sub_0470","haloperidol","true","Substance"
"sub_0471","halothane","true","Substance"
"sub_0472","heparine calcique","false","Substance"
"sub_0473","heparine sodique","false","Substance"
"sub_0474","homatropine","false","Substance"
"sub_0475","hydrochlorothiazide","false","Substance"
"sub_0476","hydrocortisone","true","Substance"
"sub_0477","hydromorphone","false","Substance"
"sub_0478","hydroquinidine","true","Substance"
"sub_0479","hydrotalcite","false","Substance"
"sub_0480","hydroxycarbamide","true","Substance"
"sub_0481","hydroxychloroquine","true","Substance"
"sub_0482","hydroxyprogesterone","false","Substance"
"sub_0483","hydroxyzine","false","Substance"
"sub_0484","ibritumomab","false","Substance"
"sub_0485","ibrutinib","true","Substance"
"sub_0486","ibuprofene","false","Substance"
"sub_0487","idarubicine","false","Substance"
"sub_0488","idélalisib","true","Substance"
"sub_0489","ifosfamide","true","Substance"
"sub_0490","iloprost","false","Substance"
"sub_0491","iloprost trometamol","false","Substance"
"sub_0492","imatinib","true","Substance"
"sub_0493","imipenem","false","Substance"
"sub_0494","imipramine","false","Substance"
"sub_0495","immunoglobuline de lapin anti-lymphocyte t humain","false","Substance"
"sub_0496","immunoglobulines equines antilymphocyte humain","false","Substance"
"sub_0497","indacatérol","false","Substance"
"sub_0498","indapamide","false","Substance"
"sub_0499","indometacine","false","Substance"
"sub_0500","inébilizumab","false","Substance"
"sub_0501","infliximab","false","Substance"
"sub_0502","inotuzumab","false","Substance"
"sub_0503","insuline","true","Substance"
"sub_0504","insuline asparte","false","Substance"
"sub_0505","insuline asparte isophane biphasique","false","Substance"
"sub_0506","insuline dégludec","false","Substance"
"sub_0507","insuline glargine","false","Substance"
"sub_0508","insuline humaine biosynthetique","false","Substance"
"sub_0509","insuline humaine biosynthetique zinc","false","Substance"
"sub_0510","insuline humaine hemisynthetique d'origine porcine","false","Substance"
"sub_0511","insuline humaine hemisynthetique isophane","false","Substance"
"sub_0512","insuline humaine hemisynthetique isophane biphasique","false","Substance"
"sub_0513","insuline humaine recombinante","false","Substance"
"sub_0514","insuline humaine recombinante isophane","false","Substance"
"sub_0515","insuline humaine recombinante isophane biphasique","false","Substance"
"sub_0516","insuline humaine recombinante zinc","false","Substance"
"sub_0517","insuline humaine recombinante zinc cristalline","false","Substance"
"sub_0518","insuline lispro","false","Substance"
"sub_0519","insuline porcine","false","Substance"
"sub_0520","interferon alfa","true","Substance"
"sub_0521","iobitridol","false","Substance"
"sub_0522","iodixanol","false","Substance"
"sub_0523","iohexol","false","Substance"
"sub_0524","iomeprol","false","Substance"
"sub_0525","iopamidol","false","Substance"
"sub_0526","iopromide","false","Substance"
"sub_0527","ioversol","false","Substance"
"sub_0528","ipilimumab","true","Substance"
"sub_0529","ipratropium","false","Substance"
"sub_0530","iproniazide","false","Substance"
"sub_0531","irbesartan","false","Substance"
"sub_0532","irinotecan","true","Substance"
"sub_0533","isavuconazole","true","Substance"
"sub_0534","isepamicine","false","Substance"
"sub_0535","isoflurane","false","Substance"
"sub_0536","isoniazide","true","Substance"
"sub_0537","isoprenaline","true","Substance"
"sub_0538","isosorbide","false","Substance"
"sub_0539","isothipendyl","false","Substance"
"sub_0540","isotretinoine","false","Substance"
"sub_0541","isradipine","false","Substance"
"sub_0542","itraconazole","true","Substance"
"sub_0543","ivabradine","true","Substance"
"sub_0544","ivacaftor","false","Substance"
"sub_0545","ixékizumab","false","Substance"
"sub_0546","josamycine","true","Substance"
"sub_0547","kaolin lourd","false","Substance"
"sub_0548","ketamine","true","Substance"
"sub_0549","ketoconazole","true","Substance"
"sub_0550","ketoprofene","false","Substance"
"sub_0551","ketotifene","false","Substance"
"sub_0552","labetalol","false","Substance"
"sub_0553","lacidipine","false","Substance"
"sub_0554","lamivudine","true","Substance"
"sub_0555","lamotrigine","true","Substance"
"sub_0556","lanreotide","false","Substance"
"sub_0557","lansoprazole","true","Substance"
"sub_0558","lanthane","false","Substance"
"sub_0559","lapatinib","true","Substance"
"sub_0560","larotrectinib","false","Substance"
"sub_0561","lédipasvir","true","Substance"
"sub_0562","lénacapavir","true","Substance"
"sub_0563","lenalidomide","true","Substance"
"sub_0564","lercanidipine","true","Substance"
"sub_0565","létermovir","true","Substance"
"sub_0566","leuproreline","false","Substance"
"sub_0567","levobunolol","false","Substance"
"sub_0568","levocarnitine","true","Substance"
"sub_0569","levodopa","true","Substance"
"sub_0570","levofloxacine","true","Substance"
"sub_0571","levomenthol","false","Substance"
"sub_0572","levomepromazine","false","Substance"
"sub_0573","levonorgestrel","true","Substance"
"sub_0574","lévosimendan","false","Substance"
"sub_0575","levothyroxine","false","Substance"
"sub_0576","lidocaine","true","Substance"
"sub_0577","linagliptine","false","Substance"
"sub_0578","lincomycine","false","Substance"
"sub_0579","linezolide","true","Substance"
"sub_0580","liothyronine sodique","false","Substance"
"sub_0581","lisinopril","false","Substance"
"sub_0582","lisuride","false","Substance"
"sub_0583","lithium","true","Substance"
"sub_0584","loflazépate","false","Substance"
"sub_0585","lomefloxacine","false","Substance"
"sub_0586","lomitapide","true","Substance"
"sub_0587","lomustine","true","Substance"
"sub_0588","lopinavir","false","Substance"
"sub_0589","loprazolam","false","Substance"
"sub_0590","lorazepam","false","Substance"
"sub_0591","lorlatinib","false","Substance"
"sub_0592","lormetazepam","false","Substance"
"sub_0593","losartan","true","Substance"
"sub_0594","loxapine","false","Substance"
"sub_0595","lumacaftor","false","Substance"
"sub_0596","lumefantrine","true","Substance"
"sub_0597","lurasidone","true","Substance"
"sub_0598","lymecycline","false","Substance"
"sub_0599","macitentan","true","Substance"
"sub_0600","macrogol","false","Substance"
"sub_0601","magaldrate","false","Substance"
"sub_0602","magnésium","true","Substance"
"sub_0603","magnesium (hydroxyde de)","false","Substance"
"sub_0604","magnesium (trisilicate de)","false","Substance"
"sub_0605","manidipine","false","Substance"
"sub_0606","mannitol","true","Substance"
"sub_0607","maprotiline","false","Substance"
"sub_0608","maraviroc","true","Substance"
"sub_0609","maribavir","true","Substance"
"sub_0610","méclozine","false","Substance"
"sub_0611","medrogestone","false","Substance"
"sub_0612","medroxyprogesterone","false","Substance"
"sub_0613","mefloquine","true","Substance"
"sub_0614","megestrol","false","Substance"
"sub_0615","meloxicam","false","Substance"
"sub_0616","melphalan","false","Substance"
"sub_0617","menthe","false","Substance"
"sub_0618","menthol racemique","false","Substance"
"sub_0619","mepyramine","false","Substance"
"sub_0620","mequitazine","true","Substance"
"sub_0621","merbromine","false","Substance"
"sub_0622","mercaptopurine","false","Substance"
"sub_0623","meropenem","false","Substance"
"sub_0624","mesalazine","false","Substance"
"sub_0625","metformine","true","Substance"
"sub_0626","methadone","true","Substance"
"sub_0627","methenamine","true","Substance"
"sub_0628","methotrexate","true","Substance"
"sub_0629","methoxyflurane","false","Substance"
"sub_0630","methyclothiazide","false","Substance"
"sub_0631","methyldopa","true","Substance"
"sub_0632","methylenecycline","false","Substance"
"sub_0633","méthylergométrine","true","Substance"
"sub_0634","methylphenidate","false","Substance"
"sub_0635","methylprednisolone","true","Substance"
"sub_0636","méthylprednisolone","false","Substance"
"sub_0637","metoclopramide","false","Substance"
"sub_0638","metopimazine","false","Substance"
"sub_0639","metoprolol","true","Substance"
"sub_0640","metronidazole","true","Substance"
"sub_0641","metyrapone","true","Substance"
"sub_0642","mexiletine","true","Substance"
"sub_0643","mianserine","true","Substance"
"sub_0644","miconazole","true","Substance"
"sub_0645","midazolam","true","Substance"
"sub_0646","midecamycine","true","Substance"
"sub_0647","midodrine","true","Substance"
"sub_0648","midostaurine","true","Substance"
"sub_0649","mifamurtide","true","Substance"
"sub_0650","millepertuis","true","Substance"
"sub_0651","milnacipran","false","Substance"
"sub_0652","minocycline","false","Substance"
"sub_0653","mirabégron","true","Substance"
"sub_0654","mirtazapine","false","Substance"
"sub_0655","mitomycine c","true","Substance"
"sub_0656","mitotane","true","Substance"
"sub_0657","mitoxantrone","false","Substance"
"sub_0658","mivacurium","false","Substance"
"sub_0659","moclobemide","true","Substance"
"sub_0660","modafinil","true","Substance"
"sub_0661","moexipril","false","Substance"
"sub_0662","molsidomine","false","Substance"
"sub_0663","mometasone","false","Substance"
"sub_0664","monmectite","false","Substance"
"sub_0665","montelukast","true","Substance"
"sub_0666","morniflumate","false","Substance"
"sub_0667","morphine","true","Substance"
"sub_0668","moxifloxacine","false","Substance"
"sub_0669","moxonidine","false","Substance"
"sub_0670","mycophenolate mofetil","true","Substance"
"sub_0671","mycophenolate sodique","true","Substance"
"sub_0672","nabumetone","false","Substance"
"sub_0673","nadolol","false","Substance"
"sub_0674","nadroparine calcique","false","Substance"
"sub_0675","nalbuphine","false","Substance"
"sub_0676","nalméfène","false","Substance"
"sub_0677","naloxegol","true","Substance"
"sub_0678","naloxone","false","Substance"
"sub_0679","naltrexone","false","Substance"
"sub_0680","naphazoline","false","Substance"
"sub_0681","naproxene","false","Substance"
"sub_0682","naratriptan","false","Substance"
"sub_0683","natalizumab","false","Substance"
"sub_0684","nateglinide","false","Substance"
"sub_0685","nebivolol","true","Substance"
"sub_0686","nefopam","false","Substance"
"sub_0687","nélarabine","false","Substance"
"sub_0688","neostigmine","false","Substance"
"sub_0689","netilmicine","false","Substance"
"sub_0690","nétupitant","true","Substance"
"sub_0691","nevirapine","true","Substance"
"sub_0692","niaouli","false","Substance"
"sub_0693","nicardipine","true","Substance"
"sub_0694","nicorandil","true","Substance"
"sub_0695","nicotine","false","Substance"
"sub_0696","nifedipine","true","Substance"
"sub_0697","nilotinib","false","Substance"
"sub_0698","nilutamide","false","Substance"
"sub_0699","nimesulide","false","Substance"
"sub_0700","nimodipine","true","Substance"
"sub_0701","nintédanib","true","Substance"
"sub_0702","nirmatrelvir","false","Substance"
"sub_0703","nitrazepam","false","Substance"
"sub_0704","nitrendipine","false","Substance"
"sub_0705","nivolumab","false","Substance"
"sub_0706","nizatidine","false","Substance"
"sub_0707","nomegestrol","false","Substance"
"sub_0708","nonoxynol 9","false","Substance"
"sub_0709","noradrenaline","false","Substance"
"sub_0710","nordazepam","false","Substance"
"sub_0711","norelgestromine","false","Substance"
"sub_0712","norepinephrine","false","Substance"
"sub_0713","norethandrolone","false","Substance"
"sub_0714","norethisterone","false","Substance"
"sub_0715","norfloxacine","true","Substance"
"sub_0716","norgestimate","false","Substance"
"sub_0717","nortriptyline","true","Substance"
"sub_0718","noscapine","true","Substance"
"sub_0719","obinutuzumab","false","Substance"
"sub_0720","ocrélizumab","false","Substance"
"sub_0721","octreotide","false","Substance"
"sub_0722","ofatumumab","false","Substance"
"sub_0723","ofloxacine","false","Substance"
"sub_0724","olanzapine","true","Substance"
"sub_0725","olaparib","true","Substance"
"sub_0726","olmesartan","false","Substance"
"sub_0727","olodatérol","false","Substance"
"sub_0728","olsalazine","false","Substance"
"sub_0729","ombitasvir","false","Substance"
"sub_0730","omeprazole","true","Substance"
"sub_0731","ondansetron","true","Substance"
"sub_0732","or","true","Substance"
"sub_0733","orlistat","true","Substance"
"sub_0734","ornidazole","true","Substance"
"sub_0735","osimertinib","false","Substance"
"sub_0736","otéracil","false","Substance"
"sub_0737","oxacilline","false","Substance"
"sub_0738","oxaliplatine","false","Substance"
"sub_0739","oxazepam","false","Substance"
"sub_0740","oxcarbazepine","true","Substance"
"sub_0741","oxetorone","false","Substance"
"sub_0742","oxitriptan","false","Substance"
"sub_0743","oxomemazine","false","Substance"
"sub_0744","oxprenolol","true","Substance"
"sub_0745","oxybate de sodium","true","Substance"
"sub_0746","oxybutynine","false","Substance"
"sub_0747","oxycodone","true","Substance"
"sub_0748","oxyde d'aluminium","false","Substance"
"sub_0749","oxymetazoline","false","Substance"
"sub_0750","oxytetracycline","false","Substance"
"sub_0751","ozanimod","true","Substance"
"sub_0752","p a s sodique","true","Substance"
"sub_0753","paclitaxel","true","Substance"
"sub_0754","palbociclib","false","Substance"
"sub_0755","paliperidone","false","Substance"
"sub_0756","palonosetron","false","Substance"
"sub_0757","panitumumab","false","Substance"
"sub_0758","panobinostat","true","Substance"
"sub_0759","pantoprazole","false","Substance"
"sub_0760","paracetamol","true","Substance"
"sub_0761","paraffine","false","Substance"
"sub_0762","parecoxib","false","Substance"
"sub_0763","paritaprévir","false","Substance"
"sub_0764","paroxetine","true","Substance"
"sub_0765","pasiréotide","false","Substance"
"sub_0766","pazopanib","false","Substance"
"sub_0767","pefloxacine","true","Substance"
"sub_0768","peg-interferon alfa-2a","true","Substance"
"sub_0769","pembrolizumab","false","Substance"
"sub_0770","pemetrexed","true","Substance"
"sub_0771","pémigatinib","false","Substance"
"sub_0772","penfluridol","false","Substance"
"sub_0773","penicillamine","true","Substance"
"sub_0774","pentamidine","true","Substance"
"sub_0775","pentostatine","true","Substance"
"sub_0776","pentoxifylline","true","Substance"
"sub_0777","pérampanel","true","Substance"
"sub_0778","périndopril","false","Substance"
"sub_0779","perindopril tert-butylamine","false","Substance"
"sub_0780","pethidine","true","Substance"
"sub_0781","phénelzine","false","Substance"
"sub_0782","phenindione","false","Substance"
"sub_0783","pheniramine","false","Substance"
"sub_0784","phenobarbital","false","Substance"
"sub_0785","phenoxymethylpenicilline","false","Substance"
"sub_0786","phenylephrine","false","Substance"
"sub_0787","phenyltoloxamine","false","Substance"
"sub_0788","phenytoine","false","Substance"
"sub_0789","pholcodine","false","Substance"
"sub_0790","phosphate d'aluminium","false","Substance"
"sub_0791","phosphore","false","Substance"
"sub_0792","pibrentasvir","false","Substance"
"sub_0793","pilocarpine","true","Substance"
"sub_0794","pimethixene","false","Substance"
"sub_0795","pimozide","true","Substance"
"sub_0796","pindolol","false","Substance"
"sub_0797","pipamperone","false","Substance"
"sub_0798","piperacilline","false","Substance"
"sub_0799","pipéracilline","false","Substance"
"sub_0800","pipéraquine","false","Substance"
"sub_0801","piperazine","false","Substance"
"sub_0802","pipobroman","false","Substance"
"sub_0803","pipotiazine","false","Substance"
"sub_0804","piretanide","false","Substance"
"sub_0805","pirfenidone","true","Substance"
"sub_0806","piribedil","false","Substance"
"sub_0807","piroxicam","false","Substance"
"sub_0808","piroxicam-betadex","false","Substance"
"sub_0809","pitavastatine","true","Substance"
"sub_0810","pitolisant","false","Substance"
"sub_0811","pivmécillinam","false","Substance"
"sub_0812","pixantrone","false","Substance"
"sub_0813","pizotifene","false","Substance"
"sub_0814","polymyxine b","true","Substance"
"sub_0815","polystyrène sulfonate de calcium","true","Substance"
"sub_0816","polystyrène sulfonate de sodium","true","Substance"
"sub_0817","ponatinib","true","Substance"
"sub_0818","ponésimod","true","Substance"
"sub_0819","posaconazole","true","Substance"
"sub_0820","potassium","true","Substance"
"sub_0821","potassium (citrate de)","false","Substance"
"sub_0822","povidone iodée","true","Substance"
"sub_0823","pralsétinib","false","Substance"
"sub_0824","pramipexole","false","Substance"
"sub_0825","prasugrel","false","Substance"
"sub_0826","pravastatine","true","Substance"
"sub_0827","prazepam","false","Substance"
"sub_0828","praziquantel","true","Substance"
"sub_0829","prazosine","false","Substance"
"sub_0830","prednisolone","true","Substance"
"sub_0831","prednisone","false","Substance"
"sub_0832","pregabaline","false","Substance"
"sub_0833","prilocaine","false","Substance"
"sub_0834","primidone","true","Substance"
"sub_0835","pristinamycine","true","Substance"
"sub_0836","probenecide","true","Substance"
"sub_0837","procarbazine","true","Substance"
"sub_0838","progesterone","false","Substance"
"sub_0839","proguanil","true","Substance"
"sub_0840","promegestone","false","Substance"
"sub_0841","promestriene","false","Substance"
"sub_0842","promethazine","false","Substance"
"sub_0843","propafenone","true","Substance"
"sub_0844","propericiazine","false","Substance"
"sub_0845","propranolol","true","Substance"
"sub_0846","proteine c activee recombinante","false","Substance"
"sub_0847","proteine c humaine","false","Substance"
"sub_0848","pseudoephedrine","false","Substance"
"sub_0849","pyrazinamide","true","Substance"
"sub_0850","pyridostigmine","false","Substance"
"sub_0851","pyrimethamine","true","Substance"
"sub_0852","quetiapine","true","Substance"
"sub_0853","quinagolide","false","Substance"
"sub_0854","quinapril","false","Substance"
"sub_0855","quinidine","true","Substance"
"sub_0856","quinine","true","Substance"
"sub_0857","quinupristine","true","Substance"
"sub_0858","rabeprazole","false","Substance"
"sub_0859","racecadotril","false","Substance"
"sub_0860","raltégravir","true","Substance"
"sub_0861","raltitrexed","false","Substance"
"sub_0862","ramipril","false","Substance"
"sub_0863","ramucirumab","false","Substance"
"sub_0864","ranitidine","false","Substance"
"sub_0865","ranolazine","true","Substance"
"sub_0866","rasagiline","false","Substance"
"sub_0867","reglisse","false","Substance"
"sub_0868","régorafénib","true","Substance"
"sub_0869","remifentanil","false","Substance"
"sub_0870","repaglinide","true","Substance"
"sub_0871","reserpine","true","Substance"
"sub_0872","reteplase","false","Substance"
"sub_0873","retigabine","false","Substance"
"sub_0874","reviparine","false","Substance"
"sub_0875","rhubarbe","false","Substance"
"sub_0876","ribavirine","true","Substance"
"sub_0877","ribociclib","false","Substance"
"sub_0878","ricin","false","Substance"
"sub_0879","ricinus communis","false","Substance"
"sub_0880","rifabutine","true","Substance"
"sub_0881","rifampicine","true","Substance"
"sub_0882","rilmenidine","false","Substance"
"sub_0883","rilpivirine","true","Substance"
"sub_0884","riociguat","true","Substance"
"sub_0885","riprétinib","false","Substance"
"sub_0886","risperidone","true","Substance"
"sub_0887","ritonavir","true","Substance"
"sub_0888","rituximab","false","Substance"
"sub_0889","rivaroxaban","true","Substance"
"sub_0890","rivastigmine","false","Substance"
"sub_0891","rizatriptan","false","Substance"
"sub_0892","rocuronium","false","Substance"
"sub_0893","rofecoxib","false","Substance"
"sub_0894","rolapitant","true","Substance"
"sub_0895","ropinirole","true","Substance"
"sub_0896","rosuvastatine","true","Substance"
"sub_0897","rotavirus","false","Substance"
"sub_0898","rotigotine","false","Substance"
"sub_0899","roxadustat","true","Substance"
"sub_0900","roxithromycine","true","Substance"
"sub_0901","rufinamide","true","Substance"
"sub_0902","rupatadine","false","Substance"
"sub_0903","ruxolitinib","false","Substance"
"sub_0904","sacituzumab","true","Substance"
"sub_0905","sacubitril","true","Substance"
"sub_0906","safinamide","false","Substance"
"sub_0907","salbutamol","false","Substance"
"sub_0908","salmeterol","true","Substance"
"sub_0909","saquinavir","false","Substance"
"sub_0910","satralizumab","false","Substance"
"sub_0911","saxagliptine","false","Substance"
"sub_0912","scopolamine","false","Substance"
"sub_0913","secnidazole","false","Substance"
"sub_0914","sécukinumab","false","Substance"
"sub_0915","selegiline","false","Substance"
"sub_0916","selexipag","true","Substance"
"sub_0917","selpercatinib","true","Substance"
"sub_0918","sélumétinib","false","Substance"
"sub_0919","sene","false","Substance"
"sub_0920","sene de l'inde","false","Substance"
"sub_0921","sertraline","true","Substance"
"sub_0922","sevelamer","false","Substance"
"sub_0923","sevoflurane","false","Substance"
"sub_0924","sildenafil","true","Substance"
"sub_0925","silicone","false","Substance"
"sub_0926","silodosine","true","Substance"
"sub_0927","siltuximab","false","Substance"
"sub_0928","simvastatine","true","Substance"
"sub_0929","sirolimus","true","Substance"
"sub_0930","sitagliptine","false","Substance"
"sub_0931","sodium (bicarbonate de)","true","Substance"
"sub_0932","sodium (chlorure de)","true","Substance"
"sub_0933","sodium (citrate de)","false","Substance"
"sub_0934","sodium (citrate diacide de)","false","Substance"
"sub_0935","sodium (docusate de)","false","Substance"
"sub_0936","sodium (nitroprussiate de)","false","Substance"
"sub_0937","sodium (oxybate de)","false","Substance"
"sub_0938","sodium (picosulfate de)","false","Substance"
"sub_0939","sodium (ricinoleate de)","false","Substance"
"sub_0940","sofosbuvir","true","Substance"
"sub_0941","solifenacine","false","Substance"
"sub_0942","sorafenib","false","Substance"
"sub_0943","sorbitol","true","Substance"
"sub_0944","sotalol","false","Substance"
"sub_0945","sotorasib","true","Substance"
"sub_0946","spectinomycine","false","Substance"
"sub_0947","spésolimab","false","Substance"
"sub_0948","spiramycine","true","Substance"
"sub_0949","spironolactone","true","Substance"
"sub_0950","stavudine","true","Substance"
"sub_0951","stiripentol","true","Substance"
"sub_0952","streptokinase","false","Substance"
"sub_0953","streptomycine","false","Substance"
"sub_0954","streptozocine","false","Substance"
"sub_0955","strontium","true","Substance"
"sub_0956","sucralfate","true","Substance"
"sub_0957","sufentanil","true","Substance"
"sub_0958","sulfadiazine","false","Substance"
"sub_0959","sulfadoxine","false","Substance"
"sub_0960","sulfafurazol","true","Substance"
"sub_0961","sulfaguanidine","false","Substance"
"sub_0962","sulfamethizol","true","Substance"
"sub_0963","sulfamethoxazole","true","Substance"
"sub_0964","sulfasalazine","true","Substance"
"sub_0965","sulfinpyrazone","true","Substance"
"sub_0966","sulindac","false","Substance"
"sub_0967","sulpiride","true","Substance"
"sub_0968","sulprostone","true","Substance"
"sub_0969","sumatriptan","false","Substance"
"sub_0970","sunitinib","true","Substance"
"sub_0971","suxamethonium","true","Substance"
"sub_0972","synephrine","false","Substance"
"sub_0973","tacrolimus","true","Substance"
"sub_0974","tadalafil","false","Substance"
"sub_0975","tafasitamab","false","Substance"
"sub_0976","talazoparib","true","Substance"
"sub_0977","tamoxifene","true","Substance"
"sub_0978","tamsulosine","true","Substance"
"sub_0979","tapentadol","false","Substance"
"sub_0980","tazobactam","false","Substance"
"sub_0981","tédizolide","true","Substance"
"sub_0982","tegafur","false","Substance"
"sub_0983","teicoplanine","false","Substance"
"sub_0984","telbivudine","true","Substance"
"sub_0985","telithromycine","true","Substance"
"sub_0986","telmisartan","false","Substance"
"sub_0987","témocilline","false","Substance"
"sub_0988","temozolomide","false","Substance"
"sub_0989","temsirolimus","true","Substance"
"sub_0990","tenecteplase","false","Substance"
"sub_0991","tenofovir alafénamide","true","Substance"
"sub_0992","ténofovir alafénamide","true","Substance"
"sub_0993","tenofovir disoproxil","true","Substance"
"sub_0994","tenonitrozole","false","Substance"
"sub_0995","tenoxicam","false","Substance"
"sub_0996","terazosine","false","Substance"
"sub_0997","terbinafine","true","Substance"
"sub_0998","terbutaline","false","Substance"
"sub_0999","tériflunomide","true","Substance"
"sub_1000","terpine","false","Substance"
"sub_1001","terpineol","false","Substance"
"sub_1002","terpinol","false","Substance"
"sub_1003","tertatolol","false","Substance"
"sub_1004","testosterone","false","Substance"
"sub_1005","tetrabenazine","true","Substance"
"sub_1006","tetracosactide","false","Substance"
"sub_1007","tetracycline","false","Substance"
"sub_1008","tetrazepam","false","Substance"
"sub_1009","tetryzoline","false","Substance"
"sub_1010","tézacaftor","false","Substance"
"sub_1011","tézépelumab","false","Substance"
"sub_1012","thalidomide","true","Substance"
"sub_1013","theodrenaline","false","Substance"
"sub_1014","theophylline","true","Substance"
"sub_1015","thiomersal","false","Substance"
"sub_1016","thiopental","false","Substance"
"sub_1017","thiotepa","false","Substance"
"sub_1018","thymol","false","Substance"
"sub_1019","thyroxines","false","Substance"
"sub_1020","tiabendazole","true","Substance"
"sub_1021","tiagabine","true","Substance"
"sub_1022","tianeptine","true","Substance"
"sub_1023","tiapride","false","Substance"
"sub_1024","tibolone","true","Substance"
"sub_1025","ticagrelor","true","Substance"
"sub_1026","ticarcilline","false","Substance"
"sub_1027","ticlopidine","true","Substance"
"sub_1028","tigecycline","true","Substance"
"sub_1029","timolol","false","Substance"
"sub_1030","tinidazole","false","Substance"
"sub_1031","tinzaparine","false","Substance"
"sub_1032","tioguanine","false","Substance"
"sub_1033","tipranavir","false","Substance"
"sub_1034","tiratricol","false","Substance"
"sub_1035","tirofiban","false","Substance"
"sub_1036","tobramycine","false","Substance"
"sub_1037","tocilizumab","false","Substance"
"sub_1038","tolcapone","false","Substance"
"sub_1039","tolterodine","false","Substance"
"sub_1040","tolvaptan","true","Substance"
"sub_1041","topiramate","true","Substance"
"sub_1042","topotecane","true","Substance"
"sub_1043","toremifene","false","Substance"
"sub_1044","trabectédine","true","Substance"
"sub_1045","tralokinumab","false","Substance"
"sub_1046","tramadol","true","Substance"
"sub_1047","trandolapril","false","Substance"
"sub_1048","trastuzumab emtansine","true","Substance"
"sub_1049","treprostinil","false","Substance"
"sub_1050","trétinoïne","true","Substance"
"sub_1051","triamcinolone","false","Substance"
"sub_1052","triamterene","false","Substance"
"sub_1053","triclabendazole","true","Substance"
"sub_1054","trientine","true","Substance"
"sub_1055","trihexyphenidyle","false","Substance"
"sub_1056","trimethoprime","true","Substance"
"sub_1057","trimipramine","false","Substance"
"sub_1058","trinitrine","false","Substance"
"sub_1059","triprolidine","false","Substance"
"sub_1060","triptoreline","false","Substance"
"sub_1061","trometamol","false","Substance"
"sub_1062","tropatepine","false","Substance"
"sub_1063","tropicamide","false","Substance"
"sub_1064","trospium","false","Substance"
"sub_1065","tryptophane","false","Substance"
"sub_1066","tuaminoheptane","false","Substance"
"sub_1067","tucatinib","true","Substance"
"sub_1068","ulipristal","true","Substance"
"sub_1069","uméclidinium","false","Substance"
"sub_1070","upadacitinib","false","Substance"
"sub_1071","urapidil","false","Substance"
"sub_1072","urokinase","false","Substance"
"sub_1073","ustékinumab","false","Substance"
"sub_1074","valaciclovir","false","Substance"
"sub_1075","valganciclovir","true","Substance"
"sub_1076","valpromide","false","Substance"
"sub_1077","valsartan","false","Substance"
"sub_1078","vancomycine","true","Substance"
"sub_1079","vandétanib","false","Substance"
"sub_1080","vardenafil","true","Substance"
"sub_1081","vecuronium","false","Substance"
"sub_1082","védolizumab","false","Substance"
"sub_1083","velpatasvir","true","Substance"
"sub_1084","vémurafénib","true","Substance"
"sub_1085","vénétoclax","true","Substance"
"sub_1086","venlafaxine","true","Substance"
"sub_1087","verapamil","true","Substance"
"sub_1088","vidarabine","true","Substance"
"sub_1089","vilantérol","false","Substance"
"sub_1090","vildagliptine","false","Substance"
"sub_1091","vinblastine","false","Substance"
"sub_1092","vincamine","false","Substance"
"sub_1093","vincristine","false","Substance"
"sub_1094","vindesine","false","Substance"
"sub_1095","vinflunine","false","Substance"
"sub_1096","vinorelbine","false","Substance"
"sub_1097","virus de la fievre jaune","false","Substance"
"sub_1098","virus de la rougeole","false","Substance"
"sub_1099","virus des oreillons","false","Substance"
"sub_1100","virus rubeoleux","false","Substance"
"sub_1101","virus varicelle-zona","false","Substance"
"sub_1102","virus vivant atténué de la grippe","false","Substance"
"sub_1103","vismodégib","true","Substance"
"sub_1104","vitamine a","true","Substance"
"sub_1105","voriconazole","true","Substance"
"sub_1106","vortioxétine","false","Substance"
"sub_1107","voxelotor","true","Substance"
"sub_1108","warfarine","false","Substance"
"sub_1109","yohimbine","true","Substance"
"sub_1110","zanubrutinib","false","Substance"
"sub_1111","ziconotide","false","Substance"
"sub_1112","zidovudine","true","Substance"
"sub_1113","zinc","true","Substance"
"sub_1114","zofenopril","false","Substance"
"sub_1115","zolmitriptan","false","Substance"
"sub_1116","zolpidem","true","Substance"
"sub_1117","zonisamide","true","Substance"
"sub_1118","zopiclone","true","Substance"
"sub_1119","zuclopenthixol","false","Substance"
